KEGG ID	UniProt ID	Gene	Protein	# SR in AS	Mean SR - AS minimum distance	cys in AS	# SR in BS	Mean SR - BS minimum distance	cys in BS	# Disulfide bonds	Mean S-S - AS/BS minimum distance	Cofactor
PP_0026	Q88RV3		Cobalt/cadmium/zinc exporter	0	0.0	0	0	0.0	0	0	0.0	
PP_0037	Q88RU2	oprP	Porin P	0	0.0	0	0	0.0	0	0	0.0	
PP_0041	Q88RT8	cadA-I	P-type Zn(2+) transporter	0	0.0	0	0	0.0	0	0	0.0	
PP_0058	Q88RS1		1-acyl-sn-glycerol-3-phosphate acyltransferase	0	0.0	0	0	0.0	0	0	0.0	
PP_0059	Q88RS0	gmhB	D-glycero-beta-D-manno-heptose-1,7-bisphosphate 7-phosphatase	0	3.8	0	10	4.5	3	0	0.0	Zn(2+) (Zn)
PP_0063	Q88RR6		Lipid A biosynthesis lauroyl acyltransferase	0	0.0	0	0	0.0	0	0	0.0	
PP_0067	Q88RR2	fmt	Methionyl-tRNA formyltransferase	0	0.0	0	3	4.92	0	0	0.0	
PP_0072	Q88RQ7	qor-I	NADPH:quinone reductase	0	0.0	0	0	0.0	0	0	0.0	
PP_0073	Q88RQ6	hemF	Oxygen-dependent coproporphyrinogen-III oxidase	1	5.53	0	7	4.57	0	0	0.0	a divalent metal cation (Fe_Generic_Divalent_Cation)
PP_0074	Q88RQ5	aroE	Shikimate dehydrogenase (NADP(+))	0	6.16	0	5	4.91	0	0	0.0	
PP_0077	Q88RQ2	betC	Choline-sulfatase	0	0.0	0	0	0.0	0	0	0.0	
PP_0100	Q88RM9	cynT	Carbonic anhydrase	0	0.0	0	3	4.7	2	1	16.04	Zn(2+) (Zn)
PP_0110	Q88RL9	cyoE1	Protoheme IX farnesyltransferase 1	0	0.0	0	0	0.0	0	0	0.0	
PP_0115	Q88RL4	katE	Catalase	1	5.35	0	5	4.53	0	0	0.0	heme (Fe_heme)
PP_0121	Q88RK8	thrB	Homoserine kinase	0	0.0	0	0	0.0	0	0	0.0	
PP_0129	Q88RK0		diguanylate cyclase	0	0.0	0	0	0.0	0	0	0.0	
PP_0137	Q88RJ2	gltP	Probable proton/glutamate-aspartate symporter	0	0.0	0	0	0.0	0	0	0.0	
PP_0145	Q88RI4	yjbB	Na+/Pi-cotransporter	0	0.0	0	0	0.0	0	0	0.0	
PP_0147	Q88RI2	citN	Citrate transporter	0	0.0	0	0	0.0	0	0	0.0	
PP_0154	Q88RH5	scpC	Propionyl-CoA:succinate CoA transferase	0	7.01	0	0	0.0	0	0	0.0	
PP_0158	Q88RH2	gcdH	glutaryl-CoA dehydrogenase (ETF)	0	0.0	0	0	0.0	0	0	0.0	
PP_0165	Q88RG5		GGDEF domain protein	0	0.0	0	0	0.0	0	0	0.0	
PP_0169	Q88RG1		Dioxygenase, TauD/TfdA family	0	0.0	0	0	0.0	0	0	0.0	
PP_0184	P59618	argH	Argininosuccinate lyase	0	0.0	0	0	0.0	0	0	0.0	
PP_0186	Q88RE5	hemC	Porphobilinogen deaminase	0	0.0	0	0	0.0	0	0	0.0	
PP_0187	Q88RE4	hemD	Uroporphyrinogen-III synthase	0	0.0	0	0	0.0	0	0	0.0	
PP_0188	Q88RE3		Uroporphyrin-III C-methyltransferase	0	0.0	0	0	0.0	0	0	0.0	
PP_0189	Q88RE2		Heme biosynthesis protein	0	0.0	0	0	0.0	0	0	0.0	
PP_0203	Q88RC9		Dipeptidase	0	0.0	0	0	0.0	0	0	0.0	
PP_0209	Q88RC3	tauB-I	ATP-binding taurine transporter subunit	0	0.0	0	0	0.0	0	0	0.0	
PP_0213	Q88RC0	davD	Glutarate-semialdehyde dehydrogenase	1	3.83	1	3	4.45	0	0	0.0	
PP_0214	Q88RB9	davT	5-aminovalerate aminotransferase DavT	0	0.0	0	2	4.29	0	0	0.0	
PP_0217	Q88RB6	desA	Delta-9 fatty acid desaturase	0	0.0	0	0	0.0	0	0	0.0	
PP_0228	Q88RA5		serine O-acetyltransferase	0	0.0	0	0	0.0	0	0	0.0	
PP_0229	Q88RA4	betT-II	Choline/carnitine/betaine transporter	0	0.0	0	0	0.0	0	0	0.0	
PP_0230	Q88RA3	tauD	Alpha-ketoglutarate-dependent taurine dioxygenase	0	0.0	0	7	4.02	0	0	0.0	Fe(2+) (Fe)
PP_0232	Q88RA1	tauB	Taurine import ATP-binding protein TauB	0	0.0	0	2	5.38	0	0	0.0	
PP_0234	Q88R99	oprE	Outer-membrane porin E	0	0.0	0	0	0.0	0	0	0.0	
PP_0236	Q88R97	ssuE	FMN reductase (NADPH)	0	0.0	0	0	0.0	0	0	0.0	
PP_0238	Q88R95	ssuD	Alkanesulfonate monooxygenase	0	0.0	0	0	0.0	0	0	0.0	
PP_0243	Q88R90	gshA	Glutamate--cysteine ligase	0	0.0	0	0	0.0	0	0	0.0	
PP_0253	A5VX32	pckA	Phosphoenolpyruvate carboxykinase (ATP)	0	0.0	0	9	4.75	0	0	0.0	Mn(2+) (Mn)
PP_0260	Q88R74	nudE	ADP-sugar pyrophosphorylase	0	0.0	0	0	0.0	0	0	0.0	
PP_0261	Q88R73	cysQ	3'(2'),5'-bisphosphate nucleotidase CysQ	0	0.0	0	3	4.5	0	0	0.0	
PP_0262	Q88R72		Thioesterase putative domain-containing protein	0	0.0	0	0	0.0	0	0	0.0	
PP_0265	Q88R69	rmlC	dTDP-4-dehydrorhamnose 3,5-epimerase	2	3.81	0	1	3.8	0	0	0.0	
PP_0266	Q88R68	aguA	Agmatine deiminase	1	3.87	1	0	0.0	0	0	0.0	
PP_0284	Q88R50	gabP-I	Gamma-aminobutyrate permease	0	0.0	0	0	0.0	0	0	0.0	
PP_0289	Q88R45	hisB	Imidazoleglycerol-phosphate dehydratase	0	0.0	0	0	0.0	0	0	0.0	
PP_0292	Q88R42	hisA	1-(5-phosphoribosyl)-5-[(5-phosphoribosylamino)methylideneamino] imidazole-4-carboxamide isomerase	0	3.81	0	0	0.0	0	0	0.0	
PP_0297	Q88R37	tdcG-I	L-serine dehydratase	0	0.0	0	0	0.0	0	0	0.0	[4Fe-4S] cluster (Fe4S4)
PP_0301	Q88R33		Betainyl-CoA thiolase	0	0.0	0	0	0.0	0	0	0.0	
PP_0302	Q88R32	lcdH	L-carnitine dehydrogenase	0	0.0	0	0	0.0	0	0	0.0	
PP_0303	Q88R31		Dehydrocarnitine cleavage enzyme	0	0.0	0	0	0.0	0	0	0.0	Zn(2+) (Zn)
PP_0321	Q88R13	ltaE	L-threonine aldolase	0	0.0	0	0	0.0	0	0	0.0	
PP_0322	Q88R12	glyA1	Serine hydroxymethyltransferase 1	0	0.0	0	5	4.91	0	0	0.0	
PP_0327	Q88R07	purU-I	Formyltetrahydrofolate deformylase	0	3.86	0	0	0.0	0	0	0.0	
PP_0328	Q88R06	fdhA	Formaldehyde dehydrogenase	0	0.0	0	0	0.0	0	0	0.0	Zn(2+) (Zn)
PP_0338	Q88QZ6	aceF	Acetyltransferase component of pyruvate dehydrogenase complex	0	0.0	0	0	0.0	0	0	0.0	
PP_0339	Q88QZ5	aceE	Pyruvate dehydrogenase E1 component	0	0.0	0	0	0.0	0	0	0.0	
PP_0341	Q88QZ3	waaF	lipopolysaccharide heptosyltransferase II	0	0.0	0	0	0.0	0	0	0.0	
PP_0342	Q88QZ2	waaC	Lipopolysaccharide heptosyltransferase 1	0	0.0	0	0	0.0	0	0	0.0	
PP_0343	Q88QZ1	waaG	Lipopolysaccharide glucosyltransferase I	0	0.0	0	0	0.0	0	0	0.0	
PP_0344	Q88QZ0	waaP	Lipopolysaccharide core heptose(I) kinase	0	3.86	0	0	0.0	0	0	0.0	
PP_0345	Q88QY9		Heptose kinase WapP	0	0.0	0	0	0.0	0	0	0.0	
PP_0346	Q88QY8		Heptose kinase WapQ	0	0.0	0	0	0.0	0	0	0.0	
PP_0356	Q88QX8	glcB	Malate synthase G	1	4.69	0	5	4.66	0	0	0.0	
PP_0362	Q88QX2	bioB	Biotin synthase	0	0.0	0	7	4.32	6	0	0.0	[4Fe-4S] cluster (Fe4S4) AND [2Fe-2S] cluster ([2Fe-2S] cluster)
PP_0363	Q88QX1	bioF	8-amino-7-oxononanoate synthase	0	0.0	0	6	4.39	0	0	0.0	
PP_0364	Q88QX0	bioH	Pimeloyl-[acp] methyl ester esterase	0	0.0	0	0	0.0	0	0	0.0	
PP_0365	Q88QW9	bioC	Malonyl-[acyl-carrier protein] O-methyltransferase	0	0.0	0	0	0.0	0	0	0.0	
PP_0366	Q88QW8	bioD	ATP-dependent dethiobiotin synthetase BioD	0	3.88	0	5	5.79	0	0	0.0	
PP_0368	Q88QW6		3-methylmercaptopropionyl-CoA dehydrogenase	0	0.0	0	0	0.0	0	0	0.0	
PP_0370	Q88QW4		3-methylmercaptopropionyl-CoA dehydrogenase	0	0.0	0	0	0.0	0	0	0.0	
PP_0378	Q88QV6	pqqC	Pyrroloquinoline-quinone synthase	0	0.0	0	0	0.0	0	0	0.0	
PP_0381	Q88QV3	pqqF	Coenzyme PQQ synthesis protein F	0	3.85	0	2	4.91	0	0	0.0	Zn(2+) (Zn)
PP_0382	Q88QV2	davA	5-aminopentanamidase	0	0.0	0	0	0.0	0	0	0.0	
PP_0383	Q88QV1	davB	Tryptophan 2-monooxygenase	0	0.0	0	0	0.0	0	0	0.0	
PP_0391	Q88QU5	plsY	Glycerol-3-phosphate acyltransferase	0	0.0	0	0	0.0	0	0	0.0	
PP_0392	Q88QU4	folB	7,8-dihydroneopterin aldolase	0	0.0	0	0	0.0	0	0	0.0	
PP_0393	Q88QU3		2-amino-4-hydroxy-6-hydroxymethyldihydropteridine diphosphokinase	0	0.0	0	0	0.0	0	0	0.0	
PP_0398	Q88QT9	glpE	Thiosulfate sulfurtransferase GlpE	1	3.85	1	0	0.0	0	0	0.0	
PP_0399	Q88QT8	apaH	Bis(5'-nucleosyl)-tetraphosphatase, symmetrical	0	0.0	0	0	0.0	0	1	0.0	
PP_0411	Q88QS7	potA	Spermidine/putrescine import ATP-binding protein PotA	0	0.0	0	0	0.0	0	0	0.0	
PP_0415	Q88QS3	rpe	Ribulose-phosphate 3-epimerase	0	5.13	0	2	5.95	0	0	0.0	Co(2+) (Co) AND Fe(2+) (Fe) AND Mn(2+) (Mn) AND Zn(2+) (Zn) AND a divalent metal cation (Fe_Generic_Divalent_Cation)
PP_0416	Q88QS2		Phosphoglycolate phosphatase	0	3.84	0	0	0.0	0	0	0.0	
PP_0418	Q88QS0	estP	Esterase EstP	1	4.35	0	0	0.0	0	1	4.0	
PP_0421	Q88QR7	trpD	Anthranilate phosphoribosyltransferase	0	0.0	0	4	5.18	0	0	0.0	
PP_0422	Q88QR6	trpC	Indole-3-glycerol phosphate synthase	0	0.0	0	0	0.0	0	0	0.0	
PP_0427	Q88QR1	coq7	3-demethoxyubiquinol 3-hydroxylase	0	0.0	0	2	5.24	0	0	0.0	Fe cation (Fe)
PP_0432	Q88QQ6	argC1	N-acetyl-gamma-glutamyl-phosphate reductase 1	1	3.87	1	0	0.0	0	0	0.0	
PP_0434	Q88QQ4	anmK	Anhydro-N-acetylmuramic acid kinase	0	0.0	0	3	6.03	0	0	0.0	
PP_0436	Q88QQ2	tyrS	Tyrosine--tRNA ligase	0	0.0	0	0	0.0	0	0	0.0	
PP_0437	Q88QQ1	birA	Bifunctional ligase/repressor BirA	0	0.0	0	3	4.81	0	0	0.0	
PP_0438	Q88QQ0	coaX	Type III pantothenate kinase	0	3.85	0	6	5.25	1	0	0.0	
PP_0481	Q88QK9	katA	Catalase	1	5.31	0	1	6.04	0	0	0.0	heme (Fe_heme)
PP_0493	Q88QJ8	selA	L-seryl-tRNA(Sec) selenium transferase	0	0.0	0	0	0.0	0	0	0.0	
PP_0495	Q88QJ6	ansA	Type 1 L-asparaginase	1	4.91	0	1	5.25	0	0	0.0	
PP_0496	Q88QJ5		Sodium/alanine symporter	0	0.0	0	0	0.0	0	0	0.0	
PP_0500	Q88QJ2		dTDP-4-dehydrorhamnose reductase	0	0.0	0	0	0.0	0	0	0.0	
PP_0501	Q88QJ1		NAD-dependent epimerase/dehydratase family protein	0	0.0	0	0	0.0	0	0	0.0	
PP_0510	Q88QI2	trx	Thioredoxin	0	0.0	0	0	0.0	0	0	0.0	
PP_0514	Q88QH9	ribD	Riboflavin biosynthesis protein RibD	0	5.43	0	7	4.8	2	0	0.0	Zn(2+) (Zn)
PP_0515	Q88QH8	ribE	Riboflavin synthase	0	0.0	0	0	0.0	0	0	0.0	
PP_0516	Q88QH7	ribAB-I	3,4-dihydroxy-2-butanone 4-phosphate synthase	0	0.0	0	6	5.53	0	0	0.0	Mn(2+) (Mn) AND Mn(2+) (Mn)
PP_0517	Q88QH6	ribH	6,7-dimethyl-8-ribityllumazine synthase	1	3.88	0	2	5.48	0	0	0.0	
PP_0519	Q88QH4	thiL	Thiamine-monophosphate kinase	0	0.0	0	4	4.54	0	0	0.0	
PP_0520	Q88QH3	pgpA	Phosphatidylglycerophosphatase A	0	0.0	0	0	0.0	0	0	0.0	
PP_0522	Q88QH1	ribA	GTP cyclohydrolase-2	1	5.28	0	9	4.73	3	0	0.0	Zn(2+) (Zn)
PP_0527	Q88QG7	dxs	1-deoxy-D-xylulose-5-phosphate synthase	0	0.0	0	2	5.32	0	0	0.0	
PP_0528	Q88QG6	ispA	Farnesyl diphosphate synthase	0	0.0	0	0	0.0	0	0	0.0	
PP_0530	Q88QG4	ribB	3,4-dihydroxy-2-butanone 4-phosphate synthase	0	0.0	0	7	5.23	0	0	0.0	Mn(2+) (Mn)
PP_0538	Q88QF6	ppa	Inorganic pyrophosphatase	0	0.0	0	3	5.35	0	0	0.0	
PP_0544	Q88QF0		Ethanolamine transporter	0	0.0	0	0	0.0	0	0	0.0	
PP_0545	Q88QE9	aldB-I	Aldehyde dehydrogenase	0	3.81	0	0	0.0	0	0	0.0	
PP_0547	Q88QE7	mpl	UDP-N-acetylmuramate--L-alanyl-gamma-D-glutamyl-meso-2,6-diaminoheptandioate ligase	0	0.0	0	4	5.65	0	0	0.0	
PP_0548	Q88QE6	ubiX	Flavin prenyltransferase UbiX	0	0.0	0	6	4.67	1	0	0.0	
PP_0551	Q88QE3		MORN domain protein	0	0.0	0	0	0.0	0	0	0.0	
PP_0552	Q88QE2	bdhA	2,3-butanediol dehydrogenase	0	0.0	0	0	0.0	0	0	0.0	Zn(2+) (Zn)
PP_0560	Q88QD4	aroQ1	3-dehydroquinate dehydratase 1	2	3.85	0	4	3.96	0	0	0.0	
PP_0565	Q88QC9		Enzyme	0	0.0	0	0	0.0	0	0	0.0	
PP_0567	Q88QC7	speA	Biosynthetic arginine decarboxylase	0	0.0	0	2	5.9	0	0	0.0	
PP_0586	Q88QA8	cadA-II	P-type Cu(+) transporter	0	0.0	0	0	0.0	0	1	0.0	
PP_0591	Q88QA3		Adenine deaminase	0	5.48	0	4	4.46	0	0	0.0	Zn(2+) (Zn)
PP_0596	Q88Q98		Omega-amino acid--pyruvate aminotransferase	0	0.0	0	0	0.0	0	0	0.0	
PP_0597	Q88Q97	mmsA-I	methylmalonate-semialdehyde dehydrogenase (CoA acylating)	0	0.0	0	0	0.0	0	0	0.0	
PP_0602	Q88Q93	ribF	Riboflavin biosynthesis protein	0	0.0	0	0	0.0	0	0	0.0	
PP_0603	Q88Q92	ileS	Isoleucine--tRNA ligase	0	0.0	0	4	4.56	4	0	0.0	Zn(2+) (Zn)
PP_0606	Q88Q89	ispH	4-hydroxy-3-methylbut-2-enyl diphosphate reductase	0	3.86	0	7	5.49	3	0	0.0	[4Fe-4S] cluster (Fe4S4)
PP_0612	Q88Q83	thiO	Glycine oxidase	0	0.0	0	5	4.84	0	0	0.0	
PP_0614	Q88Q81		N-carbamoyl-beta-alanine amidohydrolase/allantoine amidohydrolase 1	0	0.0	0	3	5.52	0	0	0.0	Zn(2+) (Zn)
PP_0626	Q88Q70	ndh	NADH dehydrogenase	0	0.0	0	0	0.0	0	0	0.0	
PP_0631	Q88Q65	coaE	Dephospho-CoA kinase	0	0.0	0	0	0.0	0	0	0.0	
PP_0652	Q88Q46		Gluconate transporter	0	0.0	0	0	0.0	0	0	0.0	
PP_0654	Q88Q44	mdh	Probable malate dehydrogenase	1	5.41	0	3	4.18	0	0	0.0	
PP_0658	Q88Q40		Homocysteine S-methyltransferase family protein	0	0.0	0	3	4.42	3	1	3.24	Zn(2+) (Zn)
PP_0659	Q88Q39	metB	Cystathionine gamma-synthase	0	0.0	0	0	0.0	0	0	0.0	
PP_0660	Q88Q38	mmuP	S-methyl-L-methionine transporter	0	0.0	0	0	0.0	0	0	0.0	
PP_0662	Q88Q36		Threonine synthase	0	0.0	0	0	0.0	0	0	0.0	
PP_0664	Q88Q34		homoserine dehydrogenase	0	3.85	0	0	0.0	0	0	0.0	
PP_0665	Q88Q33		Glyceraldehyde-3-phosphate dehydrogenase	0	0.0	0	0	0.0	0	0	0.0	
PP_0671	Q88Q27	glyA2	Serine hydroxymethyltransferase 2	0	0.0	0	5	4.75	0	0	0.0	
PP_0675	Q88Q23	gdhA	Glutamate dehydrogenase	0	5.92	0	1	5.38	0	0	0.0	
PP_0686	Q88Q12	yjdM	Protein YjdM	0	0.0	0	0	0.0	0	0	0.0	
PP_0687	Q88Q11	ispB	Octaprenyl diphosphate synthase	0	0.0	0	0	0.0	0	0	0.0	
PP_0691	Q88Q07	proB	Glutamate 5-kinase	0	0.0	0	1	5.14	0	0	0.0	
PP_0713	Q88PY5	kefB-I	Kef-type potassium/proton antiporter, CPA2 family	0	0.0	0	0	0.0	0	0	0.0	
PP_0718	Q88PY0		Sulfate transporter	0	0.0	0	0	0.0	0	0	0.0	
PP_0722	Q88PX6	prs	Ribose-phosphate pyrophosphokinase	0	3.83	0	5	5.47	0	0	0.0	
PP_0723	Q88PX5	ispE	4-diphosphocytidyl-2-C-methyl-D-erythritol kinase	0	4.74	0	2	6.26	0	0	0.0	
PP_0732	Q88PW6	hemA	Glutamyl-tRNA reductase	1	3.83	1	6	4.85	1	0	0.0	
PP_0735	Q88PW3	moeB	Molybdopterin-synthase adenylyltransferase	0	0.0	0	0	0.0	0	0	0.0	
PP_0736	Q88PW2	murI	Glutamate racemase	2	4.73	2	4	4.39	0	0	0.0	
PP_0744	Q88PV4	hemH	Ferrochelatase	0	0.0	0	1	5.3	0	0	0.0	
PP_0745	Q88PV3	uraA	Uracil permease	0	0.0	0	0	0.0	0	0	0.0	
PP_0746	Q88PV2	upp	Uracil phosphoribosyltransferase	0	0.0	0	6	5.11	0	0	0.0	
PP_0747	Q88PV1		Hypoxanthine-guanine phosphoribosyltransferase	0	0.0	0	0	0.0	0	0	0.0	
PP_0751	Q88PU7	mqo1	Probable malate:quinone oxidoreductase 1	0	0.0	0	0	0.0	0	0	0.0	
PP_0762	Q88PT6	hprA	Glycerate dehydrogenase	0	0.0	0	0	0.0	0	0	0.0	
PP_0763	Q88PT5		Medium-chain-fatty-acid CoA ligase	0	0.0	0	0	0.0	0	0	0.0	
PP_0774	Q88PS4	pta	Phosphate acetyltransferase	0	0.0	0	0	0.0	0	0	0.0	
PP_0777	Q88PS1		Glutathione peroxidase	1	5.09	1	0	0.0	0	0	0.0	
PP_0787	Q88PR1	nadC	Probable nicotinate-nucleotide pyrophosphorylase [carboxylating]	0	0.0	0	4	5.01	0	0	0.0	
PP_0789	Q88PQ9	ampD	1,6-anhydro-N-acetylmuramyl-L-alanine amidase AmpD	0	0.0	0	0	0.0	0	0	0.0	Zn(2+) (Zn)
PP_0794	Q88PQ4	fruK	Phosphofructokinase	0	0.0	0	0	0.0	0	0	0.0	
PP_0799	Q88PP9	opdC	Histidine-specific outer membrane porin D	0	0.0	0	0	0.0	0	0	0.0	
PP_0808	Q88PP0	hmp	Flavohemoprotein	1	4.51	0	8	5.11	0	0	0.0	heme b (C34H30FeN4O4)
PP_0816	Q88PN3	cyoE2	Protoheme IX farnesyltransferase 2	0	0.0	0	0	0.0	0	0	0.0	
PP_0817	Q88PN2	alaC	Aminotransferase	0	0.0	0	0	0.0	0	0	0.0	
PP_0823	P59392	selD	Selenide, water dikinase	1	5.08	1	2	5.21	0	0	0.0	
PP_0832	Q88PL8	queA	S-adenosylmethionine:tRNA ribosyltransferase-isomerase	0	0.0	0	0	0.0	0	0	0.0	
PP_0833	Q88PL7	tgt	Queuine tRNA-ribosyltransferase	0	3.79	0	4	4.71	3	0	0.0	Zn(2+) (Zn)
PP_0838	Q88PL2	suhB	Inositol-1-monophosphatase	0	0.0	0	1	4.28	0	0	0.0	
PP_0840	Q88PL0	cysE	serine O-acetyltransferase	0	0.0	0	0	0.0	0	0	0.0	
PP_0842	Q88PK8	iscS	Cysteine desulfurase IscS	1	3.86	1	4	6.14	1	0	0.0	
PP_0849	Q88PK1	ndk	Nucleoside diphosphate kinase	1	7.96	0	3	5.23	0	0	0.0	
PP_0854	Q88PJ6	hisS	Histidine--tRNA ligase	0	0.0	0	0	0.0	0	0	0.0	
PP_0864	Q88PI6	speC	ornithine decarboxylase	1	3.83	1	0	0.0	0	0	0.0	
PP_0883	Q88PG7	opdP	Glycine-glutamate dipeptide porin	0	0.0	0	0	0.0	0	0	0.0	
PP_0897	Q88PF3		Fumarate hydratase class I	0	0.0	0	0	0.0	0	0	0.0	[4Fe-4S] cluster (Fe4S4)
PP_0914	Q88PD6		cyclic-guanylate-specific phosphodiesterase	0	0.0	0	0	0.0	0	0	0.0	
PP_0915	Q88PD5	sodB	Superoxide dismutase [Fe]	0	0.0	0	3	4.23	0	0	0.0	Fe cation (Fe)
PP_0920	Q88PD0	xenB	Xenobiotic reductase B	0	0.0	0	3	4.46	0	0	0.0	
PP_0922	Q88PC8		ACP phosphodiesterase	0	0.0	0	0	0.0	0	0	0.0	
PP_0926	Q88PC4		Membrane protein	0	0.0	0	0	0.0	0	0	0.0	
PP_0927	Q88PC3	aroP-I	Aromatic amino acid transport protein	0	0.0	0	0	0.0	0	0	0.0	
PP_0928	Q88PC2		K+-dependent Na+/Ca+ exchanger related-protein	0	0.0	0	0	0.0	0	0	0.0	
PP_0936	Q88PB4	maf-1	dTTP/UTP pyrophosphatase	0	3.84	0	2	5.13	0	0	0.0	a divalent metal cation (Fe_Generic_Divalent_Cation)
PP_0944	Q88PA6	fumC-I	Fumarate hydratase class II	1	4.56	0	2	5.06	0	0	0.0	
PP_0946	Q88PA4	sodA	Superoxide dismutase	0	0.0	0	3	4.61	0	0	0.0	
PP_0956	Q88P96	kdsC	3-deoxy-D-manno-octulosonate 8-phosphate phosphatase KdsC	0	0.0	0	0	0.0	0	0	0.0	
PP_0957	Q88P95	kdsD	Arabinose 5-phosphate isomerase	0	0.0	0	2	4.71	0	0	0.0	
PP_0964	Q88P88	murA	UDP-N-acetylglucosamine 1-carboxyvinyltransferase	1	7.12	1	4	4.71	0	0	0.0	
PP_0966	P59400	hisD	Histidinol dehydrogenase	1	3.83	0	4	5.23	0	0	0.0	Zn(2+) (Zn)
PP_0967	Q88P86	hisC	Histidinol-phosphate aminotransferase	0	0.0	0	0	0.0	0	0	0.0	
PP_0970	Q88P83		Cyanate MFS transporter	0	0.0	0	0	0.0	0	0	0.0	
PP_0977	Q88P76	valS	Valine--tRNA ligase	0	0.0	0	0	0.0	0	0	0.0	
PP_0980	Q88P73	pepA	Probable cytosol aminopeptidase	1	3.86	0	0	0.0	0	0	0.0	Mn(2+) (Mn)
PP_0986	Q88P67	gcvT-I	aminomethyltransferase	0	0.0	0	0	0.0	0	0	0.0	
PP_0987	Q88P66	tdcG-II	L-serine dehydratase	0	0.0	0	0	0.0	0	0	0.0	[4Fe-4S] cluster (Fe4S4)
PP_0996	Q88P57	gltS	Sodium/glutamate symporter	0	0.0	0	0	0.0	0	0	0.0	
PP_0999	Q88P54	arcC	Carbamate kinase	0	0.0	0	0	0.0	0	0	0.0	
PP_1000	Q88P53	arcB	Ornithine carbamoyltransferase, catabolic	0	0.0	0	11	4.51	1	0	0.0	
PP_1001	Q88P52	arcA	Arginine deiminase	1	3.87	1	0	0.0	0	0	0.0	
PP_1002	Q88P51	arcD-I	Arginine-ornithine antiporter	0	0.0	0	0	0.0	0	0	0.0	
PP_1003	Q88P50	arcD-II	Arginine-ornithine antiporter	0	0.0	0	0	0.0	0	0	0.0	
PP_1005	Q88P48	hemO	Heme oxygenase	0	0.0	0	0	0.0	0	0	0.0	
PP_1009	Q88P44	gapA	Glyceraldehyde-3-phosphate dehydrogenase	1	3.86	1	8	5.09	1	0	0.0	
PP_1010	Q88P43	edd	Phosphogluconate dehydratase	0	0.0	0	2	5.31	2	0	0.0	[4Fe-4S] cluster (Fe4S4)
PP_1011	Q88P42	glk	Glucokinase	0	0.0	0	1	6.07	0	0	0.0	
PP_1014	Q88P39	yihS	Aldose-ketose isomerase	0	0.0	0	0	0.0	0	0	0.0	
PP_1019	Q88P34	oprB-I	Carbohydrate-selective porin	0	0.0	0	0	0.0	0	0	0.0	
PP_1022	Q88P31	zwfA	Glucose-6-phosphate 1-dehydrogenase	1	3.84	0	2	4.29	0	0	0.0	
PP_1023	Q88P30	pgl	6-phosphogluconolactonase	0	0.0	0	0	0.0	0	0	0.0	
PP_1024	Q88P29	eda	2-dehydro-3-deoxy-phosphogluconate aldolase	0	0.0	0	0	0.0	0	0	0.0	
PP_1025	Q88P28	leuA	2-isopropylmalate synthase	0	0.0	0	2	3.95	0	0	0.0	
PP_1031	Q88P22	guaB	Inosine-5'-monophosphate dehydrogenase	2	3.85	1	6	4.68	1	0	0.0	
PP_1032	Q88P21	guaA	GMP synthase [glutamine-hydrolyzing]	2	3.88	1	0	0.0	0	0	0.0	
PP_1037	Q88P16	purL	Phosphoribosylformylglycinamidine synthase	2	3.93	1	4	4.6	0	0	0.0	
PP_1059	Q88NZ4	ytnA	Uncharacterized amino acid permease YtnA	0	0.0	0	0	0.0	0	0	0.0	
PP_1073	Q88NY0	glpD	Glycerol-3-phosphate dehydrogenase	0	0.0	0	0	0.0	0	0	0.0	
PP_1075	Q88NX8	glpK	Glycerol kinase	0	0.0	0	6	4.94	0	0	0.0	
PP_1076	Q88NX7	glpF	Aquaglyceroporin	0	0.0	0	0	0.0	0	0	0.0	
PP_1082	Q88NX1	bfr-II	Bacterioferritin	0	0.0	0	3	4.9	0	0	0.0	heme b (C34H30FeN4O4)
PP_1086	Q88NW7	pyrC	Dihydroorotase	0	3.8	0	9	4.15	0	0	0.0	Zn(2+) (Zn)
PP_1088	P59604	argG	Argininosuccinate synthase	0	0.0	0	7	4.73	0	0	0.0	
PP_1097	Q88NV7	metG	Methionine--tRNA ligase	0	0.0	0	4	5.33	4	0	0.0	Zn(2+) (Zn)
PP_1100	Q88NV4	dcd	dCTP deaminase	0	3.83	0	6	4.83	0	0	0.0	
PP_1110	Q88NU4		serine O-acetyltransferase	0	0.0	0	0	0.0	0	0	0.0	
PP_1129	Q88NS5	pdxH	Pyridoxine/pyridoxamine 5'-phosphate oxidase	0	0.0	0	15	4.6	0	0	0.0	
PP_1132	Q88NS2	nhaA1	Na(+)/H(+) antiporter NhaA 1	0	0.0	0	0	0.0	0	0	0.0	
PP_1144	Q88NR1		Diguanylate phosphodiesterase	0	0.0	0	0	0.0	0	0	0.0	
PP_1156	Q88NP9	yfdC	Inner membrane protein	0	0.0	0	0	0.0	0	0	0.0	
PP_1157	Q877U6		Acetolactate synthase	0	0.0	0	0	0.0	0	0	0.0	
PP_1160	Q88NP7		Asparaginase family protein	1	4.86	0	1	4.65	0	0	0.0	
PP_1171	Q88NN6	udh	Uronate dehydrogenase	1	3.81	0	4	4.61	0	0	0.0	
PP_1173	Q88NN4	galP-I	Porin-like protein	0	0.0	0	0	0.0	0	0	0.0	
PP_1183	Q88NM4		Enterobactin synthase component D	0	0.0	0	4	5.09	0	0	0.0	
PP_1188	Q88NL9	dctA	C4-dicarboxylate transport protein	0	0.0	0	0	0.0	0	0	0.0	
PP_1205	Q88NK2	proS	Proline--tRNA ligase	0	0.0	0	0	0.0	0	0	0.0	
PP_1206	Q88NK1	oprD	Basic-amino-acid specific porin OprD	0	0.0	0	0	0.0	0	0	0.0	
PP_1213	Q88NJ4	aspS	Aspartate--tRNA(Asp/Asn) ligase	0	0.0	0	7	4.86	0	0	0.0	
PP_1225	Q88NI4	queE	7-carboxy-7-deazaguanine synthase	0	0.0	0	8	4.53	4	0	0.0	[4Fe-4S] cluster (Fe4S4)
PP_1226	Q88NI3	queC	7-cyano-7-deazaguanine synthase	0	0.0	0	7	4.95	4	0	0.0	Zn(2+) (Zn)
PP_1229	Q88NI0	puuP	Putrescine permease	0	0.0	0	0	0.0	0	0	0.0	
PP_1231	Q88NH8	nadA	Quinolinate synthase	0	0.0	0	8	4.46	3	0	0.0	[4Fe-4S] cluster (Fe4S4)
PP_1237	Q88NH2	dapA	4-hydroxy-tetrahydrodipicolinate synthase	1	4.25	0	4	4.11	0	0	0.0	
PP_1240	Q88NG9	purC	Phosphoribosylaminoimidazole-succinocarboxamide synthase	0	0.0	0	0	0.0	0	0	0.0	
PP_1251	Q88NF9	mqo2	Probable malate:quinone oxidoreductase 2	0	0.0	0	0	0.0	0	0	0.0	
PP_1254	Q88NF7	xenA	XenA	0	0.0	0	5	4.68	1	0	0.0	
PP_1255	Q88NF6		Cis-4-hydroxy-D-proline oxidase	0	0.0	0	0	0.0	0	0	0.0	
PP_1256	Q88NF5		2,5-dioxovalerate dehydrogenase	0	0.0	0	0	0.0	0	0	0.0	
PP_1257	Q88NF4		1-pyrroline-4-hydroxy-2-carboxylate deaminase	1	5.53	0	0	0.0	0	0	0.0	
PP_1258	Q88NF3	proR	4-hydroxyproline 2-epimerase	2	3.84	2	3	4.55	0	0	0.0	
PP_1259	Q88NF2	yveA	Aspartate-proton symporter	0	0.0	0	0	0.0	0	0	0.0	
PP_1277	Q88ND5	algA	Alginate biosynthesis protein AlgA	0	0.0	0	0	0.0	0	0	0.0	Co(2+) (Co)
PP_1281	Q88ND1	algL	Alginate lyase	0	0.0	0	3	4.78	0	0	0.0	
PP_1283	Q88NC9	algG	Mannuronan C5-epimerase	1	3.8	0	0	0.0	0	0	0.0	
PP_1284	Q88NC8	algE	Alginate production protein AlgE	0	0.0	0	0	0.0	0	0	0.0	
PP_1288	Q88NC4	algD	GDP-mannose 6-dehydrogenase	1	3.85	1	8	4.62	0	0	0.0	
PP_1308	Q88NA4	mdeA	L-methionine gamma-lyase	0	0.0	0	0	0.0	0	0	0.0	
PP_1311	Q88NA1	trpS	Tryptophan--tRNA ligase	0	0.0	0	6	5.38	0	0	0.0	
PP_1323	Q88N89	gmhA	Phosphoheptose isomerase	0	0.0	0	3	6.03	0	0	0.0	Zn(2+) (Zn)
PP_1331	Q88N82	ftsI	Peptidoglycan D,D-transpeptidase FtsI	0	3.88	0	0	0.0	0	0	0.0	
PP_1332	Q88N81	murE	UDP-N-acetylmuramoyl-L-alanyl-D-glutamate--2,6-diaminopimelate ligase	0	0.0	0	9	4.74	0	0	0.0	
PP_1333	Q88N80	murF	UDP-N-acetylmuramoyl-tripeptide--D-alanyl-D-alanine ligase	0	0.0	0	2	6.81	0	0	0.0	
PP_1334	Q88N79	mraY	Phospho-N-acetylmuramoyl-pentapeptide-transferase	0	0.0	0	0	0.0	0	0	0.0	
PP_1335	Q88N78	murD	UDP-N-acetylmuramoylalanine--D-glutamate ligase	0	0.0	0	1	6.13	0	0	0.0	
PP_1337	Q88N76	murG	UDP-N-acetylglucosamine--N-acetylmuramyl-(pentapeptide) pyrophosphoryl-undecaprenol N-acetylglucosamine transferase	0	0.0	0	4	4.88	0	0	0.0	
PP_1338	Q88N75	murC	UDP-N-acetylmuramate--L-alanine ligase	0	0.0	0	4	5.6	0	0	0.0	
PP_1339	Q88N74	ddlB	D-alanine--D-alanine ligase B	0	0.0	0	16	4.95	0	0	0.0	Mn(2+) (Mn)
PP_1343	Q88N71	lpxC	UDP-3-O-acyl-N-acetylglucosamine deacetylase	1	5.33	0	2	4.15	0	0	0.0	Zn(2+) (Zn)
PP_1346	P59612	argJ	Arginine biosynthesis bifunctional protein ArgJ	1	3.72	0	5	4.41	0	0	0.0	
PP_1351	Q88N64	panE	2-dehydropantoate 2-reductase	0	0.0	0	0	0.0	0	0	0.0	
PP_1355	Q88N61	ampG	Muropeptide permease AmpG	0	0.0	0	0	0.0	0	0	0.0	
PP_1362	Q88N54	pykA	Pyruvate kinase	0	0.0	0	0	0.0	0	0	0.0	
PP_1367	Q88N49	purU-II	Formyltetrahydrofolate deformylase	0	3.86	0	0	0.0	0	0	0.0	
PP_1373	Q88N43	pitB	Phosphate transporter	0	0.0	0	0	0.0	0	0	0.0	
PP_1376	Q88N40	pcaK	4-hydroxybenzoate transporter	0	0.0	0	0	0.0	0	0	0.0	
PP_1377	Q88N39	pcaF-I	Beta-ketoadipyl-CoA thiolase	3	3.85	2	4	4.21	2	0	0.0	
PP_1378	Q88N38	pcaT	Alpha-ketoglutarate permease	0	0.0	0	0	0.0	0	0	0.0	
PP_1379	Q88N37	pcaB	3-carboxy-cis,cis-muconate cycloisomerase	0	0.0	0	0	0.0	0	0	0.0	
PP_1380	Q88N36	pcaD	3-oxoadipate enol-lactonase 2	0	0.0	0	0	0.0	0	0	0.0	
PP_1381	Q88N35	pcaC	4-carboxymuconolactone decarboxylase	0	0.0	0	0	0.0	0	0	0.0	
PP_1382	Q88N34	pcaP	Porin-encoding protein	0	0.0	0	0	0.0	0	0	0.0	
PP_1383	Q88N33	galP-II	Porin-like protein	0	0.0	0	0	0.0	0	0	0.0	
PP_1389	Q88N27		Oxaloacetate decarboxylase	0	0.0	0	2	5.25	0	0	0.0	
PP_1394	Q88N22		Acetolactate synthase, large subunit	0	0.0	0	0	0.0	0	0	0.0	
PP_1400	Q88N16	kgtP	Alpha-ketoglutarate permease	0	0.0	0	0	0.0	0	0	0.0	
PP_1403	Q88N13	bglX	Periplasmic beta-glucosidase	0	0.0	0	0	0.0	0	0	0.0	
PP_1407	Q88N09		Sulfate transporter	0	0.0	0	0	0.0	0	0	0.0	
PP_1408	O85207	phaG	(R)-3-hydroxydecanoyl-ACP:CoA transacylase	0	0.0	0	0	0.0	0	0	0.0	
PP_1414	Q88N04	ushA	5'-nucleotidase-2',3'-cyclic phosphodiesterase	0	0.0	0	0	0.0	0	1	0.0	
PP_1419	Q88MZ9	opdH	Tricarboxylate-specific outer membrane porin	0	0.0	0	0	0.0	0	0	0.0	
PP_1426	Q88MZ2	nadB	L-aspartate oxidase	1	3.87	0	0	0.0	0	0	0.0	
PP_1444	Q88MX4	gcd	Quinoprotein glucose dehydrogenase	0	0.0	0	0	0.0	0	0	0.0	
PP_1445	Q88MX3	oprB-II	Carbohydrate-selective porin	0	0.0	0	0	0.0	0	1	0.0	
PP_1457	Q88MW1	purT	Formate-dependent phosphoribosylglycinamide formyltransferase	0	0.0	0	4	4.93	0	0	0.0	
PP_1469	Q88MU9	dsbC	Thiol:disulfide interchange protein	0	0.0	0	0	0.0	0	1	0.0	
PP_1470	Q88MU8	hom	Homoserine dehydrogenase	0	3.84	0	3	5.43	1	0	0.0	
PP_1471	Q88MU7	thrC	Threonine synthase	0	0.0	0	0	0.0	0	0	0.0	
PP_1478	Q88MU0		Xenobiotic reductase	0	0.0	0	0	0.0	0	0	0.0	
PP_1481	Q88MT7	patD	Medium chain aldehyde dehydrogenase	0	3.82	0	0	0.0	0	0	0.0	
PP_1484	Q88MT4	ydcT	Predicted polyamine ABC transporter, ATP-binding protein	0	0.0	0	0	0.0	0	0	0.0	
PP_1494	Q88MS4		diguanylate cyclase	0	0.0	0	0	0.0	0	0	0.0	
PP_1496	Q88MS3	lysS	Lysine--tRNA ligase	0	0.0	0	0	0.0	0	0	0.0	
PP_1505	Q88MR4	ppc	Phosphoenolpyruvate carboxylase	1	5.52	0	0	0.0	0	0	0.0	
PP_1506	P0A136	adk	Adenylate kinase	0	0.0	0	11	5.45	0	0	0.0	
PP_1520	Q88MQ0	plsB	Glycerol-3-phosphate acyltransferase	0	0.0	0	0	0.0	0	0	0.0	
PP_1525	Q88MP5	dapE	Succinyl-diaminopimelate desuccinylase	0	4.96	0	2	4.69	0	0	0.0	Zn(2+) (Zn) AND Co(2+) (Co)
PP_1529	Q9Z408	csdA	Probable cysteine desulfurase	0	0.0	0	0	0.0	0	0	0.0	
PP_1530	Q88MP1	dapD	2,3,4,5-tetrahydropyridine-2,6-dicarboxylate N-succinyltransferase	0	5.12	0	3	4.98	0	0	0.0	
PP_1587	Q88MI4		NhaP-type Na+/H+ and K+/H+ antiporters	0	0.0	0	0	0.0	0	0	0.0	
PP_1588	Q88MI3	dapC	N-succinyl-L,L-diaminopimelate aminotransferase alternative	0	0.0	0	0	0.0	0	0	0.0	
PP_1593	Q88MH8	pyrH	Uridylate kinase	0	0.0	0	8	5.34	0	0	0.0	
PP_1595	Q88MH6	uppS	Ditrans,polycis-undecaprenyl-diphosphate synthase ((2E,6E)-farnesyl-diphosphate specific)	0	3.85	0	7	4.89	0	0	0.0	
PP_1596	Q88MH5	cdsA	Phosphatidate cytidylyltransferase	0	0.0	0	0	0.0	0	0	0.0	
PP_1597	Q88MH4	dxr	1-deoxy-D-xylulose 5-phosphate reductoisomerase	0	0.0	0	2	4.84	0	0	0.0	Mn(2+) (Mn)
PP_1601	Q88MH0	lpxD	UDP-3-O-acylglucosamine N-acyltransferase	1	5.32	0	0	0.0	0	0	0.0	
PP_1602	Q88MG9	fabZ	3-hydroxyacyl-[acyl-carrier-protein] dehydratase FabZ	1	6.13	0	0	0.0	0	0	0.0	
PP_1604	Q88MG7	lpxB	Lipid-A-disaccharide synthase	0	0.0	0	0	0.0	0	0	0.0	
PP_1610	Q88MG1	pyrG	CTP synthase	2	3.86	1	7	5.18	0	0	0.0	
PP_1611	Q88MG0	kdsA1	2-dehydro-3-deoxyphosphooctonate aldolase 1	0	0.0	0	0	0.0	0	0	0.0	
PP_1612	Q88MF9	eno	Enolase	0	6.59	0	1	4.67	0	0	0.0	
PP_1614	Q88MF7	ispD	2-C-methyl-D-erythritol 4-phosphate cytidylyltransferase	0	0.0	0	2	4.44	0	0	0.0	
PP_1616	Q88MF5	frmA	S-(hydroxymethyl)glutathione dehydrogenase	0	0.0	0	0	0.0	0	0	0.0	Zn(2+) (Zn)
PP_1617	Q88MF4	frmC	S-formylglutathione hydrolase	1	4.93	0	0	0.0	0	0	0.0	
PP_1618	Q88MF3	ispF	2-C-methyl-D-erythritol 2,4-cyclodiphosphate synthase	0	0.0	0	14	5.2	0	0	0.0	a divalent metal cation (Fe_Generic_Divalent_Cation)
PP_1620	Q88MF1	surE	5'-nucleotidase SurE	0	0.0	0	0	0.0	0	0	0.0	a divalent metal cation (Fe_Generic_Divalent_Cation)
PP_1628	Q88ME5	pncC	NMN amidohydrolase	0	0.0	0	0	0.0	0	0	0.0	
PP_1636	Q88MD7	dgkA-I	Diacylglycerol kinase	0	3.86	0	8	5.73	0	0	0.0	
PP_1638	Q88MD5	fpr-I	Ferredoxin--NADP reductase	0	0.0	0	0	0.0	0	0	0.0	
PP_1645	Q88MC8	yfgD	Arsenate reductase	0	0.0	0	0	0.0	0	0	0.0	
PP_1649	Q88MC4	ldhA	D-lactate dehydrogenase	0	0.0	0	0	0.0	0	0	0.0	
PP_1654	Q88MC0	cysM	Cysteine synthase	0	0.0	0	3	5.02	0	0	0.0	
PP_1656	Q88MB8	relA	GTP pyrophosphokinase	0	0.0	0	0	0.0	0	0	0.0	
PP_1657	Q88MB7	mazG	Nucleoside triphosphate pyrophosphohydrolase	0	0.0	0	0	0.0	0	0	0.0	
PP_1664	Q88MB0	purN	Phosphoribosylglycinamide formyltransferase	1	3.88	0	4	5.53	0	0	0.0	
PP_1665	Q88MA9	purM	Phosphoribosylformylglycinamidine cyclo-ligase	0	0.0	0	0	0.0	0	0	0.0	
PP_1672	Q88MA2	cobO	Corrinoid adenosyltransferase	0	0.0	0	0	0.0	0	0	0.0	
PP_1673	Q88MA1	cobB	Hydrogenobyrinate a,c-diamide synthase	1	3.93	1	1	5.43	0	0	0.0	
PP_1674	Q88MA0	bluB	5,6-dimethylbenzimidazole synthase	0	0.0	0	0	0.0	0	0	0.0	
PP_1677	Q88M97	cobQ	Cobyric acid synthase	2	3.95	1	0	0.0	0	0	0.0	
PP_1678	Q88M96	cobP	Bifunctional adenosylcobalamin biosynthesis protein	1	3.85	0	5	5.01	0	0	0.0	
PP_1679	Q88M95	cobT	Nicotinate-nucleotide--dimethylbenzimidazole phosphoribosyltransferase	0	6.18	0	0	0.0	0	0	0.0	
PP_1680	Q88M94		Alpha-ribazole-5'-phosphate phosphatase	1	3.82	0	1	3.84	0	0	0.0	
PP_1681	Q88M93	cobS	Adenosylcobinamide-GDP ribazoletransferase	0	0.0	0	0	0.0	0	0	0.0	
PP_1686	Q88M88		Glutathione peroxidase	1	3.82	1	0	0.0	0	0	0.0	
PP_1689	Q88M85		Long-chain fatty acid transporter	0	0.0	0	0	0.0	0	0	0.0	
PP_1700	Q88M74		Acyltransferase	0	0.0	0	0	0.0	0	0	0.0	
PP_1703	Q88M71		Assimilatory nitrate reductase/sulfite reductase	0	0.0	0	0	0.0	0	0	0.0	Mo-bis(molybdopterin guanine dinucleotide) (C40H44MoN20O27P4S4) AND [4Fe-4S] cluster (Fe4S4)
PP_1710	Q88M64		MFS transporter, phthalate permease family	0	0.0	0	0	0.0	0	0	0.0	
PP_1722	Q88M52		ABC transporter, ATP-binding protein	0	0.0	0	0	0.0	0	0	0.0	
PP_1735	Q88M40	htrB	Lipid A biosynthesis acyltransferase	0	0.0	0	0	0.0	0	0	0.0	
PP_1743	Q88M32	actP-I	Cation/acetate symporter ActP	0	0.0	0	0	0.0	0	0	0.0	
PP_1750	Q88M25	asnB	asparagine synthase (glutamine-hydrolyzing)	1	3.77	1	1	4.55	0	0	0.0	
PP_1755	Q88M20	fumC	Fumarate hydratase class II	1	4.56	0	4	5.0	0	0	0.0	
PP_1761	Q88M14	yegE	Diguanylate cyclase with phosphodiesterase domain	0	0.0	0	0	0.0	0	1	0.0	
PP_1764	Q88M11	mupP	N-acetylmuramic acid 6-phosphate phosphatase	0	3.83	0	0	0.0	0	0	0.0	
PP_1765	Q88M10	ubiG	Ubiquinone biosynthesis O-methyltransferase	0	0.0	0	2	3.84	0	0	0.0	
PP_1766	Q88M09	mtnA	Methylthioribose-1-phosphate isomerase	0	3.85	0	2	5.02	0	0	0.0	
PP_1768	Q88M07	serC	Phosphoserine aminotransferase	0	0.0	0	4	5.65	0	0	0.0	
PP_1769	Q88M06	pheA	Bifunctional chorismate mutase/prephenate dehydratase	0	0.0	0	1	3.79	0	0	0.0	
PP_1770	Q88M05	aroA	3-phosphoshikimate 1-carboxyvinyltransferase	0	7.43	0	4	5.21	0	0	0.0	
PP_1771	Q88M04	cmk	Cytidylate kinase	0	0.0	0	2	6.45	0	0	0.0	
PP_1776	Q88M00		Alginate biosynthesis protein AlgA	0	0.0	0	0	0.0	0	0	0.0	Co(2+) (Co)
PP_1777	Q88LZ9	cpsG	phosphomannomutase	0	0.0	0	0	0.0	0	0	0.0	
PP_1782	Q88LZ4	rfbC	dTDP-4-dehydrorhamnose 3,5-epimerase	2	3.8	0	1	6.5	0	0	0.0	
PP_1783	Q88LZ3	rfbA	Glucose-1-phosphate thymidylyltransferase	0	0.0	0	0	0.0	0	0	0.0	
PP_1784	Q88LZ2	rfbD	dTDP-4-dehydrorhamnose reductase	0	0.0	0	0	0.0	0	0	0.0	
PP_1785	Q88LZ1	rffG	dTDP-glucose 4,6-dehydratase	0	0.0	0	0	0.0	0	0	0.0	
PP_1799	Q88LX8	gmd	GDP-mannose 4,6-dehydratase	0	0.0	0	0	0.0	0	0	0.0	
PP_1800	Q88LX7	rmd	Oxidoreductase Rmd	0	0.0	0	0	0.0	0	0	0.0	
PP_1801	Q88LX6	wbpY	Glycosyl transferase WbpY	0	0.0	0	0	0.0	0	0	0.0	
PP_1802	Q88LX5	wbpZ	Glycosyl transferase	0	0.0	0	0	0.0	0	0	0.0	
PP_1803	Q88LX4	wbpV	UDP-sugar epimerase	0	0.0	0	0	0.0	0	0	0.0	
PP_1804	Q88LX3	wbpL	Glycosyl transferase WbpL	0	0.0	0	0	0.0	0	0	0.0	
PP_1805	Q88LX2	wbpM	Polysaccharide biosynthesis protein	0	0.0	0	0	0.0	0	0	0.0	
PP_1806	Q88LX1		Arabinose 5-phosphate isomerase	0	0.0	0	2	4.07	0	0	0.0	
PP_1807	Q88LX0	kdsA2	2-dehydro-3-deoxyphosphooctonate aldolase 2	0	0.0	0	0	0.0	0	0	0.0	
PP_1808	Q88LW9	pgi1	Glucose-6-phosphate isomerase 1	1	5.31	0	0	0.0	0	0	0.0	
PP_1811	Q88LW6	rffE	UDP-N-acetylglucosamine 2-epimerase	0	0.0	0	0	0.0	0	0	0.0	
PP_1815	Q88LW2	pyrF	Orotidine 5'-phosphate decarboxylase	0	3.87	0	7	4.26	0	0	0.0	
PP_1823	Q88LV4	folE1	GTP cyclohydrolase 1 1	0	0.0	0	0	0.0	0	0	0.0	
PP_1830	Q88LU7	aroC	Chorismate synthase	0	0.0	0	6	4.97	0	0	0.0	
PP_1842	Q88LT5		Glutamine amidotransferase, class I	0	0.0	0	0	0.0	0	0	0.0	
PP_1843	Q88LT4		Mg2+/Co2+ transporter	0	0.0	0	0	0.0	0	0	0.0	
PP_1844	Q88LT3	plsC	1-acyl-sn-glycerol-3-phosphate acyltransferase	0	0.0	0	0	0.0	0	0	0.0	
PP_1866	Q88LR3	aroH	Phospho-2-dehydro-3-deoxyheptonate aldolase	0	0.0	0	4	4.55	1	0	0.0	Mn(2+) (Mn) AND Co(2+) (Co) AND Cd(2+) (Cd)
PP_1872	Q88LQ7	alaA	Glutamate-pyruvate aminotransferase AlaA	0	0.0	0	0	0.0	0	0	0.0	
PP_1874	Q88LQ5	gpx	Glutathione peroxidase	1	5.06	1	0	0.0	0	0	0.0	
PP_1893	Q88LN6	fadE	Acyl-coenzyme A dehydrogenase	0	0.0	0	0	0.0	0	0	0.0	
PP_1900	Q88LM9	lpxK	Tetraacyldisaccharide 4'-kinase	0	0.0	0	3	5.92	0	0	0.0	
PP_1902	Q88LM7	kdsB	3-deoxy-manno-octulosonate cytidylyltransferase	0	0.0	0	0	0.0	0	0	0.0	
PP_1904	Q88LM5	murB	UDP-N-acetylenolpyruvoylglucosamine reductase	1	4.17	0	0	0.0	0	0	0.0	
PP_1914	Q88LL6	fabG	3-oxoacyl-[acyl-carrier-protein] reductase	1	6.44	0	3	5.39	0	0	0.0	
PP_1916	Q88LL4	fabF	3-oxoacyl-[acyl-carrier-protein] synthase 2	1	3.87	1	0	0.0	0	0	0.0	
PP_1917	Q88LL3	pabC	Aminodeoxychorismate lyase	0	0.0	0	0	0.0	0	0	0.0	
PP_1924	Q88LK7		Phosphinothricin N-acetyltransferase	0	0.0	0	0	0.0	0	0	0.0	
PP_1928	Q88LK3		Arsenate reductase	0	0.0	0	0	0.0	0	0	0.0	
PP_1929	Q88LK2	arsB-I	Arsenical pump membrane protein	0	0.0	0	0	0.0	0	0	0.0	
PP_1943	Q88LI9	purU-III	Formyltetrahydrofolate deformylase	0	3.86	0	0	0.0	0	0	0.0	
PP_1945	Q88LI7	folD1	Bifunctional protein FolD 1	0	0.0	0	0	0.0	0	0	0.0	
PP_1948	Q88LI4		Benzaldehyde dehydrogenase	0	3.81	0	0	0.0	0	0	0.0	
PP_1972	Q88LG1	tyrB	Aminotransferase	0	0.0	0	0	0.0	0	0	0.0	
PP_1977	Q88LF6	gltX	Glutamate--tRNA ligase	0	0.0	0	0	0.0	0	0	0.0	
PP_1988	Q88LE5	leuB	3-isopropylmalate dehydrogenase	0	0.0	0	11	5.86	0	0	0.0	Mn(2+) (Mn)
PP_1989	Q88LE4	asd	Aspartate-semialdehyde dehydrogenase	2	3.83	1	4	4.53	0	0	0.0	
PP_1995	Q88LE0	trpF	N-(5'-phosphoribosyl)anthranilate isomerase	0	0.0	0	0	0.0	0	0	0.0	
PP_1997	Q88LD8	folC	Dihydrofolate synthase/folylpolyglutamate synthase	0	0.0	0	0	0.0	0	0	0.0	
PP_2000	Q88LD5	purF	Amidophosphoribosyltransferase	1	3.85	1	1	6.02	0	0	0.0	
PP_2001	Q88LD4	metZ	O-succinylhomoserine sulfhydrylase	0	0.0	0	0	0.0	0	0	0.0	
PP_2008	Q88LC7	fadH	2,4-dienoyl-CoA reductase	0	0.0	0	0	0.0	0	0	0.0	[4Fe-4S] cluster (Fe4S4)
PP_2012	Q88LC3	nadK	NAD kinase	0	5.03	0	4	5.46	0	0	0.0	a divalent metal cation (Fe_Generic_Divalent_Cation)
PP_2017	Q88LB8	pepN	Aminopeptidase N	0	0.0	0	0	0.0	0	0	0.0	Zn(2+) (Zn)
PP_2039	Q88L96		Medium-chain specific acyl-CoA dehydrogenase, mitochondrial	0	0.0	0	0	0.0	0	0	0.0	
PP_2047	Q88L88		3-hydroxyacyl-CoA dehydrogenase family protein	0	0.0	0	0	0.0	0	0	0.0	
PP_2048	Q88L87		3-methylmercaptopropionyl-CoA dehydrogenase	0	0.0	0	0	0.0	0	0	0.0	
PP_2049	Q88L86		Alcohol dehydrogenase, iron-containing	0	0.0	0	0	0.0	0	0	0.0	Fe cation (Fe)
PP_2051	Q88L84	fadA	3-ketoacyl-CoA thiolase (Thiolase I)	3	4.09	2	0	0.0	0	0	0.0	
PP_2056	Q88L79	dctA-II	C4-dicarboxylate transport protein	0	0.0	0	0	0.0	0	0	0.0	
PP_2057	Q88L78	yraO	Uncharacterized transporter YraO	0	0.0	0	0	0.0	0	0	0.0	
PP_2058	Q88L77		Porin	0	0.0	0	0	0.0	0	0	0.0	
PP_2077	Q88L58	lysA-I	Diaminopimelate decarboxylase	1	3.82	1	6	4.58	0	0	0.0	
PP_2080	Q88L55	gdhB	NAD-specific glutamate dehydrogenase	0	0.0	0	0	0.0	0	0	0.0	
PP_2082	Q88L53	ppsA	Phosphoenolpyruvate synthase	0	0.0	0	0	0.0	0	0	0.0	
PP_2090	Q88L45	cobA	uroporphyrinogen-III C-methyltransferase	0	0.0	0	0	0.0	0	0	0.0	
PP_2092	Q88L43	nasA	Nitrate/nitrite transporter	0	0.0	0	0	0.0	0	0	0.0	
PP_2095	Q88L40	pyrD	Dihydroorotate dehydrogenase (quinone)	0	3.87	0	7	5.4	0	0	0.0	
PP_2098	Q88L37	dacB	D-alanyl-D-alanine carboxypeptidase	0	0.0	0	0	0.0	0	1	0.0	
PP_2102	Q88L33	dgt	Deoxyguanosinetriphosphate triphosphohydrolase-like protein	0	0.0	0	0	0.0	0	0	0.0	
PP_2106	Q88L29		Ammonium transporter	0	0.0	0	0	0.0	0	0	0.0	
PP_2112	Q88L24	acnA-I	Aconitate hydratase	0	0.0	0	0	0.0	0	0	0.0	[4Fe-4S] cluster (Fe4S4)
PP_2117	Q88L20	pdxB	Erythronate-4-phosphate dehydrogenase	2	4.23	0	4	4.4	0	0	0.0	
PP_2122	Q88L15	moaB-I	Molybdenum cofactor biosynthesis protein B	0	0.0	0	0	0.0	0	0	0.0	
PP_2123	Q88L14	moeA	Molybdopterin molybdenumtransferase	0	0.0	0	0	0.0	0	0	0.0	
PP_2125	Q88L12		Probable lipid kinase YegS-like	0	3.85	0	7	5.38	0	0	0.0	
PP_2130	Q88L07		Soluble lytic transglycosylase	0	0.0	0	0	0.0	0	1	0.0	
PP_2136	Q88L02	fadB	Fatty acid oxidation complex subunit alpha	1	3.81	0	2	4.93	0	0	0.0	
PP_2137	Q88L01	fadA	3-ketoacyl-CoA thiolase	3	3.83	2	0	0.0	0	0	0.0	
PP_2145	Q88KZ4	nagZ	Beta-hexosaminidase	1	8.35	0	3	5.21	0	0	0.0	
PP_2149	Q88KZ0	gapB	Glyceraldehyde-3-phosphate dehydrogenase	0	0.0	0	0	0.0	0	0	0.0	
PP_2151	Q88KY8	sthA	Soluble pyridine nucleotide transhydrogenase	0	0.0	0	3	6.35	1	0	0.0	
PP_2152	Q88KY7	ugpQ	Glycerophosphoryl diester phosphodiesterase	0	0.0	0	0	0.0	0	0	0.0	
PP_2160	Q88KX9	queF	NADPH-dependent 7-cyano-7-deazaguanine reductase	1	3.85	1	2	5.67	0	0	0.0	
PP_2168	Q88KX1	tal	Transaldolase	0	3.83	0	0	0.0	0	0	0.0	
PP_2178	Q88KW1	puuA-I	Glutamate-putrescine ligase	0	0.0	0	0	0.0	0	0	0.0	
PP_2179	Q88KW0	spuA	gamma-glutamyl-gamma-aminobutyrate hydrolase	0	0.0	0	0	0.0	0	0	0.0	
PP_2180	Q88KV9	spuC-I	Polyamine:pyruvate transaminase	0	0.0	0	0	0.0	0	0	0.0	
PP_2196	Q88KU3	speB	Agmatinase	0	0.0	0	2	4.62	0	0	0.0	Mn(2+) (Mn)
PP_2205	Q88KT4	copA-I	Copper resistance protein A	0	0.0	0	0	0.0	0	0	0.0	
PP_2208	Q88KT1	phnX	Phosphonoacetaldehyde hydrolase	0	3.8	0	0	0.0	0	0	0.0	
PP_2209	Q88KT0	phnW	2-aminoethylphosphonate--pyruvate transaminase	0	0.0	0	0	0.0	0	0	0.0	
PP_2213	Q88KS6		Acyl-CoA synthetase	0	0.0	0	0	0.0	0	0	0.0	
PP_2214	Q88KS5	fadBA	3-hydroxyacyl-CoA dehydrogenase type-2	0	0.0	0	0	0.0	0	0	0.0	
PP_2215	Q88KS4		Acetyl-CoA acetyltransferase	3	4.42	2	0	0.0	0	0	0.0	
PP_2216	Q88KS3	acd	3-sulfinopropanoyl-CoA desulfinase	0	0.0	0	0	0.0	0	0	0.0	
PP_2217	Q88KS2		enoyl-CoA hydratase	0	0.0	0	0	0.0	0	0	0.0	
PP_2239	Q88KQ1	rhtA	Threonine and homoserine exporter	0	0.0	0	0	0.0	0	0	0.0	
PP_2246	Q88KP4	dauA	Catabolic D-arginine dehydrogenase, FAD-dependent	0	0.0	0	0	0.0	0	0	0.0	
PP_2255	Q88KN5	dctA-III	C4-dicarboxylate transport protein	0	0.0	0	0	0.0	0	0	0.0	
PP_2265	Q88KM5	folD2	Bifunctional protein FolD 2	0	0.0	0	0	0.0	0	0	0.0	
PP_2318	Q88KH2	tesA	Acyl-CoA thioesterase I/protease I/lysophospholipase L1	0	0.0	0	0	0.0	0	0	0.0	
PP_2324	Q88KG6	aroF-I	Phospho-2-dehydro-3-deoxyheptonate aldolase	0	0.0	0	0	0.0	0	0	0.0	
PP_2325	Q88KG5		2-dehydropantoate 2-reductase	0	0.0	0	0	0.0	0	0	0.0	
PP_2329	Q88KG1	pabB	aminodeoxychorismate synthase	0	0.0	0	0	0.0	0	0	0.0	
PP_2334	Q88KF6	prpB	2-methylisocitrate lyase	0	0.0	0	5	4.61	1	0	0.0	
PP_2335	Q88KF5	prpC	Citrate synthase	1	5.31	0	0	0.0	0	0	0.0	
PP_2336	Q88KF4	acnA-II	aconitate hydratase	0	0.0	0	0	0.0	0	0	0.0	[4Fe-4S] cluster (Fe4S4)
PP_2338	Q88KF2	prpD	2-methylcitrate dehydratase	0	0.0	0	0	0.0	0	0	0.0	
PP_2339	Q88KF1	acnB	Aconitate hydratase B	0	0.0	0	8	4.46	3	0	0.0	[4Fe-4S] cluster (Fe4S4)
PP_2341	Q88KE9	queD	6-carboxy-5,6,7,8-tetrahydropterin synthase	2	5.24	1	3	4.84	0	0	0.0	Zn(2+) (Zn)
PP_2351	Q88KD9	prpE	Propionyl-CoA synthetase	0	0.0	0	0	0.0	0	0	0.0	
PP_2368	Q88KC2	dkgB	2,5-diketo-D-gluconate reductase	1	6.56	0	1	3.84	0	0	0.0	
PP_2375	Q88KB5	metH	Methionine synthase	0	0.0	0	8	4.89	3	0	0.0	Zn(2+) (Zn) AND methylcob(III)alamin (C63H91CoN13O14P)
PP_2376	Q88KB4	cti	Esterified fatty acid cis/trans isomerase	0	0.0	0	0	0.0	0	1	0.0	
PP_2406	Q88K85	aroE	Shikimate dehydrogenase (NADP(+))	0	5.65	0	4	4.71	0	0	0.0	
PP_2407	Q88K84	aroQ2	3-dehydroquinate dehydratase 2	2	4.49	0	4	3.96	0	0	0.0	
PP_2423	Q88K68	lpxOA	Fe(2+)/alpha-ketoglutarate-dependent dioxygenase	0	0.0	0	0	0.0	0	0	0.0	
PP_2426	Q88K65	calA	Coniferyl alcohol dehydrogenase	0	0.0	0	0	0.0	0	0	0.0	Zn(2+) (Zn)
PP_2428	Q88K63	sotB	Probable sugar efflux transporter	0	0.0	0	0	0.0	0	0	0.0	
PP_2432	Q88K59	nfnB	6,7-dihydropteridine reductase	0	0.0	0	0	0.0	0	0	0.0	
PP_2435	Q88K56	iscS-II	cysteine desulfurase	0	0.0	0	0	0.0	0	0	0.0	
PP_2437	Q88K54		Acyl-CoA dehydrogenase	0	0.0	0	0	0.0	0	0	0.0	
PP_2443	Q88K49	sstT	Serine/threonine transporter SstT	0	0.0	0	0	0.0	0	0	0.0	
PP_2448	Q88K44	puuB	Gamma-glutamylputrescine oxidase	0	0.0	0	0	0.0	0	0	0.0	
PP_2453	Q88K39	ansB	Glutaminase-asparaginase	1	5.15	0	1	4.97	0	0	0.0	
PP_2458	Q88K34	rbsK	Ribokinase	0	3.85	0	5	4.47	0	0	0.0	
PP_2460	Q88K32	Nuh	Ribonucleoside hydrolase	0	0.0	0	0	0.0	0	0	0.0	
PP_2465	Q88K27	thrS	Threonine--tRNA ligase	0	0.0	0	3	4.16	1	0	0.0	Zn(2+) (Zn)
PP_2476	Q88K17	curA	NADPH-dependent curcumin/dihydrocurcumin reductase	0	0.0	0	0	0.0	0	0	0.0	
PP_2486	Q88K07		NADH-dependent flavin oxidoreductase, Oye family	0	0.0	0	0	0.0	0	0	0.0	
PP_2488	Q88K05	sad-I	NAD+-dependent succinate semialdehyde dehydrogenase	0	0.0	0	0	0.0	0	0	0.0	
PP_2489	Q88K04		Xenobiotic reductase	0	0.0	0	0	0.0	0	0	0.0	
PP_2490	Q88K03	ecd	Flavoprotein	0	0.0	0	0	0.0	0	0	0.0	
PP_2492	Q88K01	yqhD	Alcohol dehydrogenase, NAD(P)-dependent	0	0.0	0	0	0.0	0	0	0.0	Fe cation (Fe)
PP_2504	Q88JY9		2-hydroxymuconate tautomerase	1	3.84	0	0	0.0	0	0	0.0	
PP_2512	Q88JY1	folE2	GTP cyclohydrolase 1 2	0	0.0	0	0	0.0	0	0	0.0	
PP_2513	Q88JY0	galD	4-oxalomesaconate tautomerase	0	0.0	0	0	0.0	0	0	0.0	
PP_2514	Q88JX9	galC	4-carboxy-4-hydroxy-2-oxoadipic acid aldolase	0	0.0	0	3	5.52	0	0	0.0	
PP_2515	Q88JX8	galB	4-oxalmesaconate hydratase	0	0.0	0	2	4.95	0	0	0.0	Zn(2+) (Zn)
PP_2517	Q88JX6	galP	Porin-like protein GalP	0	0.0	0	0	0.0	0	0	0.0	
PP_2518	Q88JX5	galA	Gallate dioxygenase	2	5.95	0	0	0.0	0	0	0.0	Fe(2+) (Fe)
PP_2519	E8ZB61	galT	Gallate transporter	0	0.0	0	0	0.0	0	0	0.0	
PP_2528	Q88JW9		O-acetylhomoserine (Thiol)-lyase	0	0.0	0	0	0.0	0	0	0.0	
PP_2543	Q88JV4	gabP-II	Gamma-aminobutyrate permease	0	0.0	0	0	0.0	0	0	0.0	
PP_2545	Q88JV2	tam	Trans-aconitate methyltransferase	0	0.0	0	0	0.0	0	0	0.0	
PP_2552	Q88JU5		DOPA decarboxylase	0	0.0	0	1	4.52	0	0	0.0	
PP_2553	Q88JU4		Major facilitator family transporter	0	0.0	0	0	0.0	0	0	0.0	
PP_2554	Q88JU3	quiC1	3-dehydroshikimate dehydratase	0	0.0	0	2	3.94	0	0	0.0	Co(2+) (Co) AND Ni(2+) (Ni) AND Mn(2+) (Mn)
PP_2556	Q88JU1		Chromate transporter	0	0.0	0	0	0.0	0	0	0.0	
PP_2582	Q88JR7		Heme oxygenase	0	0.0	0	0	0.0	0	0	0.0	
PP_2586	Q88JR3		Amino acid transporter	0	0.0	0	0	0.0	0	0	0.0	
PP_2589	Q88JR0		Aldehyde dehydrogenase family protein	0	3.78	0	0	0.0	0	0	0.0	
PP_2608	Q88JP1		Shikimate dehydrogenase family protein	0	0.0	0	5	5.22	3	0	0.0	
PP_2637	Q88JL2	bcsZ	Glucanase	0	4.43	0	0	0.0	0	0	0.0	
PP_2645	Q88JK4	mgtA	Magnesium-transporting ATPase, P-type 1	0	0.0	0	0	0.0	0	0	0.0	
PP_2647	Q88JK2		Major facilitator family transporter	0	0.0	0	0	0.0	0	0	0.0	
PP_2659	Q88JJ0	pstB1	Phosphate import ATP-binding protein PstB 1	0	0.0	0	2	6.24	1	0	0.0	
PP_2674	Q88JH5	pedE	Quinoprotein alcohol dehydrogenase PedE	0	3.85	0	6	4.74	0	1	6.37	
PP_2675	Q88JH4		Cytochrome c-type protein	0	0.0	0	0	0.0	0	0	0.0	
PP_2679	Q88JH0	pedH	Quinoprotein alcohol dehydrogenase PedH	0	3.84	0	4	5.22	0	1	6.49	
PP_2680	Q88JG9	aldB-II	Aldehyde dehydrogenase	0	3.82	0	0	0.0	0	0	0.0	
PP_2694	Q88JF5		Aldehyde dehydrogenase family protein	0	0.0	0	0	0.0	0	0	0.0	
PP_2698	Q88JF1	metE	5-methyltetrahydropteroyltriglutamate-homocysteine methyltransferase	0	0.0	0	0	0.0	0	0	0.0	Zn(2+) (Zn)
PP_2703	Q88JE6		Major facilitator transporter	0	0.0	0	0	0.0	0	0	0.0	
PP_2704	Q88JE5		Peptidase, M20/M25/M40 family	0	0.0	0	4	5.1	1	0	0.0	Mn(2+) (Mn)
PP_2716	Q88JD3		Arsenate reductase	0	0.0	0	0	0.0	0	0	0.0	
PP_2717	Q88JD2	arsB-II	Arsenical pump membrane protein	0	0.0	0	0	0.0	0	0	0.0	
PP_2734	Q88JB5	cfa	Cyclopropane-fatty-acyl-phospholipid synthase	1	3.83	1	0	0.0	0	0	0.0	
PP_2764	Q88J85	msuE	FMN reductase (NADPH)	0	0.0	0	0	0.0	0	0	0.0	
PP_2765	Q88J84		Sulfonate monooxygenase MsuD	0	0.0	0	0	0.0	0	0	0.0	
PP_2793	Q88J56		Acyl-CoA dehydrogenase family protein	0	0.0	0	0	0.0	0	0	0.0	
PP_2794	Q88J55		Oxidoreductase, short chain dehydrogenase/reductase family	0	0.0	0	0	0.0	0	0	0.0	
PP_2795	Q88J54		AMP-binding domain protein	0	0.0	0	0	0.0	0	0	0.0	
PP_2800	Q88J49		Diaminobutyrate-2-oxoglutarate transaminase	0	0.0	0	0	0.0	0	0	0.0	
PP_2801	Q88J48	prr	Gamma-aminobutyraldehyde dehydrogenase	0	3.83	0	0	0.0	0	0	0.0	
PP_2802	Q88J47		Amino acid permease family protein	0	0.0	0	0	0.0	0	0	0.0	
PP_2805	Q88J44		Baeyer-Villiger monooxygenase	0	0.0	0	8	5.87	0	0	0.0	
PP_2834	Q88J15		D-galactarate dehydratase/Altronate dehydratase	0	0.0	0	0	0.0	0	0	0.0	
PP_2862	Q88IY7	uppP	Undecaprenyl-diphosphatase	0	0.0	0	0	0.0	0	0	0.0	
PP_2872	Q88IX7	eamA	O-acetylserine/cysteine export transporter	0	0.0	0	0	0.0	0	0	0.0	
PP_2887	Q88IW2		Catalase-related peroxidase	1	6.19	0	1	5.94	0	0	0.0	heme (Fe_heme)
PP_2902	Q88IU7	lpxH	UDP-2,3-diacylglucosamine hydrolase	0	0.0	0	5	4.25	0	0	0.0	Mn(2+) (Mn)
PP_2904	Q88IU5	glnS	Glutamine--tRNA ligase	0	0.0	0	7	5.21	0	0	0.0	
PP_2905	Q88IU4	cysS	Cysteine--tRNA ligase	0	0.0	0	3	5.07	2	0	0.0	Zn(2+) (Zn)
PP_2909	Q88IU0	glaH	Glutarate 2-hydroxylase	0	0.0	0	2	4.51	0	0	0.0	Fe(2+) (Fe)
PP_2910	Q88IT9	lhgO	L-2-hydroxyglutarate oxidase	0	0.0	0	0	0.0	0	0	0.0	
PP_2911	Q88IT8	gabP-III	Gamma-aminobutyrate permease	0	0.0	0	0	0.0	0	0	0.0	
PP_2913	Q88IT6	hemB	Delta-aminolevulinic acid dehydratase	0	3.44	0	6	4.54	3	0	0.0	
PP_2914	Q88IT5	proP	Osmosensory proline/betaine/H+ permease	0	0.0	0	0	0.0	0	0	0.0	
PP_2916	Q88IT3	ribC	Riboflavin synthase	0	0.0	0	0	0.0	0	0	0.0	
PP_2918	Q88IT1	treSA	Trehalose synthase A	0	0.0	0	0	0.0	0	0	0.0	
PP_2925	Q88IS4	mqo3	Probable malate:quinone oxidoreductase 3	0	0.0	0	0	0.0	0	0	0.0	
PP_2928	Q88IS1		Saccharopine dehydrogenase	0	0.0	0	0	0.0	0	0	0.0	
PP_2929	Q88IS0	nspC	Carboxynorspermidine/carboxyspermidine decarboxylase	0	0.0	0	0	0.0	0	0	0.0	
PP_2933	Q88IR6	yghU	GSH-dependent disulfide bond oxidoreductase	0	0.0	0	0	0.0	0	0	0.0	
PP_2943	Q88IQ6		Cytochrome c551 peroxidase	0	0.0	0	7	4.64	4	0	0.0	heme (Fe_heme)
PP_2955	Q88IP4		Magnesium/cobalt transporter, CorA family	0	0.0	0	0	0.0	0	0	0.0	
PP_2958	Q88IP1	grx	Glutaredoxin	0	0.0	0	0	0.0	0	0	0.0	
PP_2973	Q88IM6	dgkA-II	Diacylglycerol kinase	0	3.86	0	3	4.84	0	0	0.0	
PP_2998	Q88IK1		2-dehydropantoate 2-reductase	0	0.0	0	0	0.0	0	0	0.0	
PP_3002	Q88IJ7	aroE	Shikimate dehydrogenase (NADP(+))	0	3.86	0	4	5.48	0	0	0.0	
PP_3003	Q88IJ6	aroQ-III	3-dehydroquinate dehydratase	2	4.51	0	4	4.55	0	0	0.0	
PP_3071	Q88IC8	aacs	Acetoacetyl-coenzyme A synthetase	0	0.0	0	0	0.0	0	0	0.0	
PP_3073	Q88IC6	hbdH	3-hydroxybutyrate dehydrogenase	0	0.0	0	0	0.0	0	0	0.0	
PP_3074	Q88IC5	bhbP	D-beta-hydroxybutyrate permease	0	0.0	0	0	0.0	0	0	0.0	
PP_3080	Q88IB9	aroF-II	Phospho-2-dehydro-3-deoxyheptonate aldolase	0	0.0	0	0	0.0	0	0	0.0	
PP_3099	Q88IA0	puuD	Uricase/urate oxidase	0	0.0	0	0	0.0	0	0	0.0	
PP_3124	Q88I77		Short chain fatty acid transporter	0	0.0	0	0	0.0	0	0	0.0	
PP_3129	Q88I72	galE	UDP-glucose 4-epimerase	0	0.0	0	0	0.0	0	0	0.0	
PP_3136	Q88I65		Serine acetyltransferase	0	0.0	0	0	0.0	0	0	0.0	
PP_3144	Q88I57	tdcG-III	L-serine dehydratase	0	0.0	0	0	0.0	0	0	0.0	[4Fe-4S] cluster (Fe4S4)
PP_3146	Q88I55		Oxidoreductase	0	0.0	0	0	0.0	0	0	0.0	
PP_3148	Q88I53		Glutamine synthetase	0	0.0	0	0	0.0	0	0	0.0	
PP_3151	Q88I50	sad-II	NAD+-dependent succinate semialdehyde dehydrogenase	0	0.0	0	0	0.0	0	0	0.0	
PP_3164	Q88I37	benD	1,6-dihydroxycyclohexa-2,4-diene-1-carboxylate dehydrogenase	0	0.0	0	0	0.0	0	0	0.0	
PP_3165	Q88I36	benK	Benzoate MFS transporter	0	0.0	0	0	0.0	0	0	0.0	
PP_3166	Q88I35	catA-II	catechol 1,2-dioxygenase	0	0.0	0	0	0.0	0	0	0.0	Fe(3+) (Fe)
PP_3168	Q88I33	nicP-I	Porin-like protein	0	0.0	0	0	0.0	0	0	0.0	
PP_3173	Q88I29	nemA	N-ethylmaleimide reductase, FMN-linked	0	0.0	0	0	0.0	0	0	0.0	
PP_3178	Q88I24	garK	Glycerate kinase	0	0.0	0	0	0.0	0	0	0.0	
PP_3187	Q88I15	codB	Cytosine transporter	0	0.0	0	0	0.0	0	0	0.0	
PP_3189	Q88I13	codA	Cytosine deaminase / isoguanine deaminase	0	0.0	0	0	0.0	0	0	0.0	
PP_3190	Q88I12		Ornithine cyclodeaminase/mu-crystallin family protein	0	0.0	0	0	0.0	0	0	0.0	
PP_3219	Q88HY4		Alkansulfonate monooxygenase	0	0.0	0	0	0.0	0	0	0.0	
PP_3253	Q88HV0		Putative glutamate--cysteine ligase 2	0	0.0	0	0	0.0	0	0	0.0	
PP_3264	Q88HT9	clsB	Cardiolipin synthase B	2	4.97	0	0	0.0	0	0	0.0	
PP_3270	Q88HT3	paaZ	Oxepin-CoA hydrolase/3-oxo-5,6-dehydrosuberyl-CoA semialdehyde dehydrogenase	0	0.0	0	0	0.0	0	0	0.0	
PP_3271	Q88HT2	phaK	Phenylacetic acid-specific porin	0	0.0	0	0	0.0	0	0	0.0	
PP_3272	Q88HT1	actP-III	Cation/acetate symporter ActP	0	0.0	0	0	0.0	0	0	0.0	
PP_3279	Q88HS4	paaK	Phenylacetate-coenzyme A ligase	0	0.0	0	0	0.0	0	0	0.0	
PP_3280	Q88HS3	paaJ	3-oxoadipyl-CoA/3-oxo-5,6-dehydrosuberyl-CoA thiolase	3	3.85	2	0	0.0	0	0	0.0	
PP_3282	Q88HS1	paaH	3-hydroxyadipyl-CoA dehydrogenase	0	0.0	0	0	0.0	0	0	0.0	
PP_3283	Q88HS0	paaG	1,2-epoxyphenylacetyl-CoA isomerase	0	0.0	0	0	0.0	0	0	0.0	
PP_3284	Q88HR9	paaF	Enoyl-CoA hydratase-isomerase	0	0.0	0	0	0.0	0	0	0.0	
PP_3285	Q88HR8	paaY	Detoxifying thioesterase of the phenylacetate degradation pathway	0	0.0	0	0	0.0	0	0	0.0	
PP_3303	Q88HQ0		3-oxoacyl-[acyl-carrier-protein] synthase 2	1	4.66	1	0	0.0	0	0	0.0	
PP_3311	Q88HP2	kefB-II	Glutathione-regulated potassium/H+ antiporter	0	0.0	0	0	0.0	0	0	0.0	
PP_3320	Q88HN3		Phosphoribosyl-AMP cyclohydrolase	0	0.0	0	0	0.0	0	0	0.0	
PP_3322	Q88HN1	hemBB	Delta-aminolevulinic acid dehydratase	0	3.45	0	0	0.0	0	0	0.0	
PP_3324	Q88HM9	folE2	GTP cyclohydrolase FolE2	0	0.0	0	1	3.82	1	0	0.0	
PP_3345	Q88HL1	nikD	Nickel import ATP-binding protein NikD	0	0.0	0	0	0.0	0	0	0.0	
PP_3346	Q88HL0	nikE	Nickel import ATP-binding protein NikE	0	0.0	0	0	0.0	0	0	0.0	
PP_3356	Q88HK0	fcs	Feruloyl-CoA-synthetase	0	0.0	0	0	0.0	0	0	0.0	
PP_3357	Q88HJ9	vdh	Vanillin dehydrogenase	0	3.8	0	0	0.0	0	0	0.0	
PP_3358	Q88HJ8		Hydroxycinnamoyl-CoA hydratase-lyase	0	0.0	0	3	4.46	0	0	0.0	
PP_3365	Q877U6		Acetolactate synthase	0	0.0	0	0	0.0	0	0	0.0	
PP_3376	Q88HI1	ptxD	Phosphonate dehydrogenase	0	0.0	0	0	0.0	0	0	0.0	
PP_3377	Q88HI0	kguT	2-ketogluconate transporter, putative	0	0.0	0	0	0.0	0	0	0.0	
PP_3378	Q88HH9	kguK	2-ketogluconokinase	0	0.0	0	0	0.0	0	0	0.0	
PP_3410	Q88HF0	cobM	Precorrin-4 C(11)-methyltransferase	0	0.0	0	0	0.0	0	0	0.0	
PP_3416	Q88HE4	gnuK	Gluconokinase	0	0.0	0	0	0.0	0	0	0.0	
PP_3417	Q88HE3	gntT	D-gluconate transporter	0	0.0	0	0	0.0	0	0	0.0	
PP_3433	Q88HC7	hpd	4-hydroxyphenylpyruvate dioxygenase	0	0.0	0	2	5.42	0	0	0.0	Fe cation (Fe)
PP_3435	Q88HC5		cyclic-guanylate-specific phosphodiesterase	0	0.0	0	0	0.0	0	0	0.0	
PP_3443	Q88HB7		Glyceraldehyde-3-phosphate dehydrogenase	0	0.0	0	0	0.0	0	0	0.0	
PP_3446	Q88HB4	ilvA-I	L-threonine dehydratase	0	0.0	0	0	0.0	0	0	0.0	
PP_3457	Q88HA3	mobA	Molybdenum cofactor guanylyltransferase	0	0.0	0	1	5.52	0	0	0.0	
PP_3466	Q88H94		ABC efflux transporter, permease/ATP-binding protein	0	0.0	0	0	0.0	0	0	0.0	
PP_3507	Q88H58	cobN	Cobaltochelatase subunit CobN	0	0.0	0	0	0.0	0	0	0.0	
PP_3511	Q88H54	ilvE	Branched-chain-amino-acid aminotransferase	0	0.0	0	0	0.0	0	0	0.0	
PP_3530	Q88H35	allE	S-ureidoglycine aminohydrolase	0	0.0	0	0	0.0	0	0	0.0	
PP_3533	Q88H32	ocd	Ornithine cyclodeaminase	0	3.87	0	4	4.95	0	0	0.0	
PP_3535	Q88H30		Glutathione hydrolase proenzyme	1	4.61	0	1	5.13	0	0	0.0	
PP_3537	Q88H28	pobA	4-hydroxybenzoate 3-monooxygenase	0	0.0	0	4	4.78	0	0	0.0	
PP_3540	Q88H25	mvaB	hydroxymethylglutaryl-CoA lyase	0	0.0	0	0	0.0	0	0	0.0	
PP_3553	Q88H12		AMP-binding domain protein	0	0.0	0	0	0.0	0	0	0.0	
PP_3554	Q88H11		3-methylmercaptopropionyl-CoA dehydrogenase	0	0.0	0	0	0.0	0	0	0.0	
PP_3561	Q88H04		Transporter	0	0.0	0	0	0.0	0	0	0.0	
PP_3569	Q88GZ6	quiA	Quinate dehydrogenase (Quinone)	0	0.0	0	0	0.0	0	2	0.0	
PP_3570	Q88GZ5	oprB-III	Carbohydrate-selective porin	0	0.0	0	0	0.0	0	1	0.0	
PP_3578	Q88GY7	pgm	Phosphoglucomutase	0	0.0	0	0	0.0	0	0	0.0	
PP_3581	Q88GY4		cyclic-guanylate-specific phosphodiesterase	0	0.0	0	0	0.0	0	0	0.0	
PP_3588	Q88GX9		Bcr/CflA family efflux transporter	0	0.0	0	0	0.0	0	0	0.0	
PP_3589	Q88GX8	sdaC	Serine:H+ symport permease, threonine-insensitive	0	0.0	0	0	0.0	0	0	0.0	
PP_3590	Q88GX7	amaC	Aminotransferase	0	0.0	0	0	0.0	0	0	0.0	
PP_3591	Q88GX6	dpkA	Delta(1)-pyrroline-2-carboxylate/Delta(1)-piperideine-2-carboxylate reductase	0	0.0	0	0	0.0	0	0	0.0	
PP_3596	Q88GX1	amaD	D-lysine oxidase	0	0.0	0	0	0.0	0	0	0.0	
PP_3598	Q88GW9		gamma-glutamyl-gamma-aminobutyrate hydrolase	0	0.0	0	0	0.0	0	0	0.0	
PP_3599	Q88GW8		5-dehydro-4-deoxyglucarate dehydratase	0	0.0	0	0	0.0	0	0	0.0	
PP_3600	Q88GW7	gudP	Glucarate transporter	0	0.0	0	0	0.0	0	0	0.0	
PP_3601	Q88GW6	garD	Galactarate dehydratase	0	0.0	0	0	0.0	0	0	0.0	
PP_3602	Q88GW5		2,5-dioxovalerate dehydrogenase	0	0.0	0	0	0.0	0	0	0.0	
PP_3606	Q88GW1	qor-II	Quinone oxidoreductase	0	0.0	0	0	0.0	0	0	0.0	
PP_3630	Q88GT7	opdT-II	Tyrosine-specific outer membrane porin D	0	0.0	0	0	0.0	0	0	0.0	
PP_3633	P59308	argC2	N-acetyl-gamma-glutamyl-phosphate reductase 2	1	3.86	1	0	0.0	0	0	0.0	
PP_3648	Q88GS0		Carboxymuconolactone decarboxylase family protein	0	0.0	0	0	0.0	0	0	0.0	
PP_3658	Q88GR0		Aromatic compound MFS transporter	0	0.0	0	0	0.0	0	0	0.0	
PP_3664	Q88GQ4	pssA	CDP-diacylglycerol--serine O-phosphatidyltransferase	0	0.0	0	0	0.0	0	0	0.0	
PP_3666	Q88GQ2		Metabolite MFS transporter, MHS family	0	0.0	0	0	0.0	0	0	0.0	
PP_3667	Q88GQ1	creA	Creatinase	0	0.0	0	0	0.0	0	0	0.0	
PP_3668	Q88GQ0	katG	Catalase-peroxidase	1	3.86	0	2	5.24	0	0	0.0	heme b (C34H30FeN4O4)
PP_3713	Q88GK8	catA-I	catechol 1,2-dioxygenase	0	0.0	0	0	0.0	0	0	0.0	Fe(3+) (Fe)
PP_3714	Q88GK7	catC	Muconolactone Delta-isomerase	0	0.0	0	0	0.0	0	0	0.0	
PP_3715	Q88GK6	catB	Muconate cycloisomerase 1	0	3.82	0	0	0.0	0	0	0.0	Mn(2+) (Mn)
PP_3720	Q88GK1		NAD(P)H quinone oxidoreductase	0	0.0	0	0	0.0	0	0	0.0	
PP_3721	Q88GK0	aruH	Aminotransferase	0	0.0	0	0	0.0	0	0	0.0	
PP_3722	Q88GJ9	alr	Broad specificity amino-acid racemase	1	4.66	0	2	5.19	0	1	11.37	
PP_3723	A0A140FWH9	aruI	2-ketoarginine decarboxylase AruI	0	0.0	0	0	0.0	0	0	0.0	
PP_3726	Q88GJ6		Enoyl-CoA hydratase/isomerase family protein	0	0.0	0	0	0.0	0	0	0.0	
PP_3727	Q88GJ5	rocE	Amino-acid permease RocE	0	0.0	0	0	0.0	0	0	0.0	
PP_3739	A0A140FWI0	galP-IV	Porin-like protein	0	0.0	0	0	0.0	0	0	0.0	
PP_3740	Q88GI3		Major facilitator family transporter	0	0.0	0	0	0.0	0	0	0.0	
PP_3741	Q88GI2	mrdA-I	Peptidoglycan D,D-transpeptidase MrdA	0	3.88	0	0	0.0	0	0	0.0	
PP_3745	Q88GH8	glcD	Glycolate oxidase, putative FAD-linked subunit	0	0.0	0	0	0.0	0	0	0.0	
PP_3751	Q88GH2		Cyanate transporter	0	0.0	0	0	0.0	0	0	0.0	
PP_3754	Q88GH0	bktB	Beta-ketothiolase BktB	3	3.85	2	0	0.0	0	0	0.0	
PP_3755	Q88GG9	hbd	3-hydroxybutyryl-CoA dehydrogenase	0	0.0	0	3	4.66	0	0	0.0	
PP_3763	Q88GG1		CobF protein	0	0.0	0	0	0.0	0	0	0.0	
PP_3766	Q88GF8	gloA	Lactoylglutathione lyase	0	4.41	0	1	4.32	0	0	0.0	Ni(2+) (Ni) AND Zn(2+) (Zn)
PP_3778	Q88GE6	proC	Pyrroline-5-carboxylate reductase	0	0.0	0	2	5.6	0	0	0.0	
PP_3790	Q88GD4	dapF	Diaminopimelate epimerase	0	0.0	0	3	4.43	0	0	0.0	
PP_3794	Q88GD0	pbpG	Periplasmic murein D-alanyl-D-alanine endopeptidase	0	4.48	0	0	0.0	0	0	0.0	
PP_3796	Q88GC8	pvdA	L-ornithine 5-monooxygenase	0	0.0	0	0	0.0	0	0	0.0	
PP_3813	Q88GB1	ribAB-II	3,4-dihydroxy-2-butanone 4-phosphate synthase	0	0.0	0	6	5.92	0	0	0.0	Mn(2+) (Mn) AND Mn(2+) (Mn)
PP_3817	Q88GA7		Polyamine ABC transporter, ATP-binding protein	0	0.0	0	0	0.0	0	0	0.0	
PP_3819	Q88GA5	gor	Glutathione reductase	1	3.03	0	1	5.24	0	1	9.15	
PP_3821	Q88GA4	galU	UTP--glucose-1-phosphate uridylyltransferase	0	0.0	0	0	0.0	0	0	0.0	
PP_3830	Q88G95	modC	Molybdenum import ATP-binding protein ModC	0	0.0	0	2	6.31	0	0	0.0	
PP_3839	Q88G86	adhP	alcohol dehydrogenase	0	0.0	0	0	0.0	0	0	0.0	Zn(2+) (Zn)
PP_3844	Q88G81		D-aminopeptidase	0	0.0	0	0	0.0	0	0	0.0	
PP_3846	Q88G79	ramA	(R)-stereoselective amidase	0	0.0	0	0	0.0	0	0	0.0	
PP_3931	Q88FZ5	yfbS	Transporter	0	0.0	0	0	0.0	0	0	0.0	
PP_3939	Q88FY7	nicP	Porin-like protein NicP	0	0.0	0	0	0.0	0	0	0.0	
PP_3940	Q88FY6	nicT	Putative metabolite transport protein NicT	0	0.0	0	0	0.0	0	0	0.0	
PP_3941	Q88FY5	nicF	Maleamate amidohydrolase	1	5.67	1	0	0.0	0	0	0.0	
PP_3942	Q88FY4	maiA	Maleate isomerase	2	4.73	2	3	4.21	1	0	0.0	
PP_3943	Q88FY3	nicD	N-formylmaleamate deformylase	1	3.85	0	0	0.0	0	0	0.0	
PP_3944	Q88FY2	nicC	6-hydroxynicotinate 3-monooxygenase	2	4.2	0	4	4.29	1	0	0.0	
PP_3945	Q88FY1	nicX	2,5-dihydroxypyridine 5,6-dioxygenase	0	0.0	0	2	4.06	0	0	0.0	Fe(2+) (Fe)
PP_3957	Q88FX0	betT-III	Choline/carnitine/betaine transporter BetTC	0	0.0	0	0	0.0	0	0	0.0	
PP_3958	Q88FW9	nhaA2	Na(+)/H(+) antiporter NhaA 2	0	0.0	0	0	0.0	0	0	0.0	
PP_3959	Q88FW8		Voltage-gated chloride channel family protein	0	0.0	0	0	0.0	0	0	0.0	
PP_3970	Q88FV8	ybdR	Oxidoreductase, Zn-dependent and NAD(P)-binding	0	0.0	0	0	0.0	0	0	0.0	Zn(2+) (Zn)
PP_3989	Q88FU3		DNA (cytosine-5-)-methyltransferase	1	3.83	1	0	0.0	0	0	0.0	
PP_3992	Q88FU0	xanP	Xanthine permease	0	0.0	0	0	0.0	0	0	0.0	
PP_3999	Q88FT3	cysG	Siroheme synthase	0	3.83	0	4	5.1	0	0	0.0	
PP_4000	Q88FT2	serS	Serine--tRNA ligase	0	0.0	0	2	4.7	0	0	0.0	
PP_4001	Q88FT1	fluC	Fluoride-specific ion channel FluC	0	0.0	0	1	3.84	0	0	0.0	
PP_4011	Q88FS2	icd	Isocitrate dehydrogenase [NADP]	0	0.0	0	11	4.51	0	0	0.0	Mn(2+) (Mn) AND Mn(2+) (Mn)
PP_4012	Q88FS1	idh	Isocitrate dehydrogenase [NADP]	0	0.0	0	9	4.79	0	0	0.0	Mn(2+) (Mn)
PP_4016	Q88FR7	purB	Adenylosuccinate lyase	0	0.0	0	0	0.0	0	0	0.0	
PP_4020	Q88FR3		Oxidoreductase	0	0.0	0	0	0.0	0	0	0.0	
PP_4029	Q88FQ8	nudC	NAD-capped RNA hydrolase NudC	0	0.0	0	11	4.57	5	0	0.0	Mn(2+) (Mn) AND Zn(2+) (Zn)
PP_4031	Q88FQ6	nhaB	Na(+)/H(+) antiporter NhaB	0	0.0	0	0	0.0	0	0	0.0	
PP_4034	Q88FQ3	hyuC	N-carbamoyl-beta-alanine amidohydrolase/allantoine amidohydrolase 2	0	0.0	0	3	5.81	0	0	0.0	Zn(2+) (Zn)
PP_4035	Q88FQ2	pydP	PydP transporter, NCS1 nucleoside transporter family	0	0.0	0	0	0.0	0	0	0.0	
PP_4036	A0A140FWK2	pydB	D-hydantoinase/dihydropyrimidinase	0	0.0	0	0	0.0	0	0	0.0	Zn(2+) (Zn)
PP_4042	Q88FP7	zwfB	Glucose-6-phosphate 1-dehydrogenase	1	3.85	0	1	4.03	0	0	0.0	
PP_4043	Q88FP6	gntZ	6-phosphogluconate dehydrogenase, decarboxylating	0	0.0	0	0	0.0	0	0	0.0	
PP_4050	Q88FN9	glgA	Glycogen synthase	0	0.0	0	0	0.0	0	0	0.0	
PP_4051	Q88FN8	treZ	Malto-oligosyltrehalose trehalohydrolase	0	3.78	0	0	0.0	0	0	0.0	
PP_4052	Q88FN7	malQ	4-alpha-glucanotransferase	0	0.0	0	0	0.0	0	0	0.0	
PP_4053	Q88FN6	treY	Maltooligosyl trehalose synthase	0	0.0	0	0	0.0	0	0	0.0	
PP_4055	Q88FN4	glgX	Glycogen debranching enzyme	0	0.0	0	0	0.0	0	0	0.0	
PP_4058	Q88FN1	glgB	1,4-alpha-glucan branching enzyme GlgB	0	5.82	0	0	0.0	0	0	0.0	
PP_4059	Q88FN0	treSB	Maltokinase	0	0.0	0	0	0.0	0	0	0.0	
PP_4060	Q88FM9	glgE	Alpha-1,4-glucan:maltose-1-phosphate maltosyltransferase	0	5.43	0	1	4.36	0	0	0.0	
PP_4063	Q88FM6		Long-chain-fatty-acid-CoA ligase	0	0.0	0	0	0.0	0	0	0.0	
PP_4064	Q88FM5	ivd	Isovaleryl-CoA dehydrogenase, mitochondrial	0	3.85	0	10	5.58	0	0	0.0	
PP_4066	Q88FM3	liuC	Methylglutaconyl-CoA hydratase	0	0.0	0	0	0.0	0	0	0.0	
PP_4097	Q88FJ8	pgsA	CDP-diacylglycerol--glycerol-3-phosphate 3-phosphatidyltransferase	0	0.0	0	0	0.0	0	0	0.0	Mn(2+) (Mn)
PP_4103	Q88FJ2		Phosphate transporter	0	0.0	0	0	0.0	0	0	0.0	
PP_4106	Q88FI9	gabP-IV	Gamma-aminobutyrate permease	0	0.0	0	0	0.0	0	0	0.0	
PP_4108	Q88FI7		2-aminoadipate transaminase	0	0.0	0	1	5.89	0	0	0.0	
PP_4116	Q88FI0	aceA	Isocitrate lyase	1	5.4	1	6	4.76	1	0	0.0	
PP_4138	Q88FF8	chrR	Quinone reductase	0	0.0	0	5	5.78	0	0	0.0	
PP_4140	A0A140FWL0	ldcC	Lysine decarboxylase	0	0.0	0	0	0.0	0	0	0.0	
PP_4144	Q88FF3	gloB	Hydroxyacylglutathione hydrolase	0	0.0	0	5	4.3	0	0	0.0	Zn(2+) (Zn)
PP_4147	Q88FF0	yejA	Microcin C transporter-periplasmic binding protein	0	0.0	0	0	0.0	0	0	0.0	
PP_4148	Q88FE9		Inner membrane ABC transporter permease protein YejB	0	0.0	0	0	0.0	0	0	0.0	
PP_4149	Q88FE8		Inner membrane ABC transporter permease protein	0	0.0	0	0	0.0	0	0	0.0	
PP_4150	Q88FE7	yejF	ABC-type dipeptide transporter	0	0.0	0	0	0.0	0	0	0.0	
PP_4169	Q88FC9	gpsA	Glycerol-3-phosphate dehydrogenase [NAD(P)+]	0	3.88	0	2	4.65	0	0	0.0	
PP_4174	Q88FC4	fabA	3-hydroxydecanoyl-[acyl-carrier-protein] dehydratase	1	3.85	0	0	0.0	0	0	0.0	
PP_4175	Q88FC3	fabB	3-oxoacyl-[acyl-carrier-protein] synthase 1	0	0.0	0	0	0.0	0	0	0.0	
PP_4184	Q88FB4	brnQ	Branched-chain amino acid transport system carrier protein	0	0.0	0	0	0.0	0	0	0.0	
PP_4187	Q88FB1	lpdG	Dihydrolipoyl dehydrogenase	1	3.03	0	7	4.3	1	1	3.15	
PP_4188	Q88FB0	sucB	Dihydrolipoyllysine-residue succinyltransferase component of 2-oxoglutarate dehydrogenase complex	0	0.0	0	0	0.0	0	0	0.0	
PP_4189	Q88FA9	sucA	2-oxoglutarate dehydrogenase E1 component	0	0.0	0	0	0.0	0	0	0.0	
PP_4194	Q88FA4	gltA	Citrate synthase	1	4.74	0	0	0.0	0	0	0.0	
PP_4213	Q88F85	pvdM	Dipeptidase	0	0.0	0	0	0.0	0	0	0.0	
PP_4216	Q88F82	pvdE	Pyoverdine ABC export system, fused ATPase and permease components	0	0.0	0	0	0.0	0	0	0.0	
PP_4222	Q88F76		SyrP protein	0	0.0	0	0	0.0	0	0	0.0	Fe(2+) (Fe)
PP_4223	Q88F75	pvdH	Diaminobutyrate-2-oxoglutarate transaminase	0	0.0	0	0	0.0	0	0	0.0	
PP_4237	Q88F62	dsbG	Thiol:disulfide interchange protein	0	0.0	0	0	0.0	0	0	0.0	
PP_4243	Q88F56	pvdL	Non-ribosomal peptide synthase (Subunit of ferribactin synthase)	0	0.0	0	0	0.0	0	0	0.0	
PP_4264	Q88F35	hemN	Coproporphyrinogen-III oxidase	0	0.0	0	8	4.42	4	0	0.0	[4Fe-4S] cluster (Fe4S4)
PP_4266	Q88F33	apt	Adenine phosphoribosyltransferase	0	0.0	0	0	0.0	0	0	0.0	
PP_4281	Q88F18	guaD	Guanine deaminase	0	0.0	0	0	0.0	0	0	0.0	Zn(2+) (Zn)
PP_4282	Q88F17	aqpZ	Aquaporin Z	0	0.0	0	4	5.08	1	0	0.0	
PP_4284	Q88F15		Transporter	0	0.0	0	0	0.0	0	0	0.0	
PP_4285	Q88F14	pucM	5-hydroxyisourate hydrolase	0	0.0	0	3	4.05	0	0	0.0	
PP_4286	Q88F13	puuE	Allantoinase	0	0.0	0	0	0.0	0	0	0.0	
PP_4287	Q88F12	pucL	2-oxo-4-hydroxy-4-carboxy-5-ureidoimidazoline decarboxylase	0	0.0	0	0	0.0	0	0	0.0	
PP_4288	P59285	allA	Ureidoglycolate lyase	0	0.0	0	0	0.0	0	0	0.0	Ni(2+) (Ni)
PP_4290	Q88F10	uacT	Uric acid permease	0	0.0	0	0	0.0	0	0	0.0	
PP_4291	Q88F09		Nucleoside-specific outer membrane channel protein Tsx	0	0.0	0	0	0.0	0	0	0.0	
PP_4293	Q88F07		Nucleoside-specific outer membrane channel protein Tsx	0	0.0	0	0	0.0	0	0	0.0	
PP_4297	Q88F03	gcl	Glyoxylate carboligase	0	0.0	0	0	0.0	0	0	0.0	
PP_4298	Q88F02	hyi	Hydroxypyruvate isomerase	0	3.81	0	0	0.0	0	0	0.0	
PP_4299	Q88F01	glxR	Tartronate semialdehyde reductase	0	5.43	0	0	0.0	0	0	0.0	
PP_4300	Q88F00	ttuD	Hydroxypyruvate reductase	0	0.0	0	0	0.0	0	0	0.0	
PP_4301	Q88EZ9	pyk	Pyruvate kinase	0	0.0	0	0	0.0	0	0	0.0	
PP_4302	Q88EZ8		Urea transporter	0	0.0	0	1	3.87	0	0	0.0	
PP_4309	Q88EZ1		Transporter, NCS1 nucleoside transporter family	0	0.0	0	0	0.0	0	0	0.0	
PP_4310	Q88EZ0		Hydantoin racemase	0	0.0	0	0	0.0	0	0	0.0	
PP_4327	Q88EX5	ccmA	Cytochrome c biogenesis ATP-binding export protein CcmA	0	0.0	0	2	6.48	0	0	0.0	
PP_4346	Q88EV6	ddlA	D-alanine--D-alanine ligase A	0	0.0	0	14	6.07	2	0	0.0	Mn(2+) (Mn)
PP_4379	Q88ES4		Beta-ketoacyl-acyl-carrier-protein synthase I	0	0.0	0	0	0.0	0	0	0.0	
PP_4399	Q88EQ4		Glutamine synthetase	0	0.0	0	0	0.0	0	0	0.0	
PP_4405	Q88EP8		diguanylate cyclase	0	0.0	0	0	0.0	0	0	0.0	
PP_4421	Q88EN3		Aminotransferase	0	0.0	0	0	0.0	0	0	0.0	
PP_4422	Q88EN2	gabD-II	Succinate-semialdehyde dehydrogenase (NADP+)	0	0.0	0	0	0.0	0	0	0.0	
PP_4423	Q88EN1		Succinylglutamate desuccinylase/Aspartoacylase catalytic domain-containing protein	0	0.0	0	0	0.0	0	0	0.0	Zn(2+) (Zn)
PP_4430	Q88EM4		Threonine dehydratase	0	0.0	0	0	0.0	0	0	0.0	
PP_4431	Q88EM3	ocd	Ornithine cyclodeaminase 1	0	0.0	0	0	0.0	0	0	0.0	
PP_4432	Q88EM2		Xaa-Pro aminopeptidase	0	0.0	0	0	0.0	0	0	0.0	
PP_4434	Q88EM0	dadA1	D-amino acid dehydrogenase 1	0	0.0	0	4	5.52	0	0	0.0	
PP_4469	Q88EJ3	phnN	Ribose 1,5-bisphosphate phosphokinase PhnN	0	0.0	0	1	6.55	0	0	0.0	
PP_4471	Q88EJ1	mgtE	Magnesium transporter MgtE	0	0.0	0	0	0.0	0	0	0.0	
PP_4473	Q88EI9		Aspartate kinase	0	0.0	0	0	0.0	0	0	0.0	
PP_4474	Q88EI8	alaS	Alanine--tRNA ligase	0	0.0	0	4	4.73	1	0	0.0	Zn(2+) (Zn)
PP_4475	Q88EI7	astE	Succinylglutamate desuccinylase	0	3.8	0	2	4.08	0	0	0.0	Zn(2+) (Zn)
PP_4477	Q88EI5	astB	N-succinylarginine dihydrolase	2	5.63	1	5	5.7	0	0	0.0	
PP_4478	Q88EI4	astD	N-succinylglutamate 5-semialdehyde dehydrogenase	1	3.82	1	2	5.14	0	0	0.0	
PP_4481	P59319	argD	Acetylornithine aminotransferase	0	0.0	0	3	4.48	0	0	0.0	
PP_4487	Q88EH6	acsA1	Acetyl-coenzyme A synthetase 1	0	0.0	0	12	5.19	0	0	0.0	
PP_4492	Q88EH1	yhhS	Uncharacterized MFS-type transporter PP_4492	0	0.0	0	0	0.0	0	0	0.0	
PP_4493	Q88EH0	ydiJ	D-2-hydroxyglutarate dehydrogenase	0	0.0	0	6	4.75	4	0	0.0	[4Fe-4S] cluster (Fe4S4)
PP_4495	Q88EG8	aroP-II	Aromatic amino acid transport protein	0	0.0	0	0	0.0	0	0	0.0	
PP_4523	Q88EE2		Agmatinase	0	0.0	0	2	5.23	0	0	0.0	Mn(2+) (Mn)
PP_4524	Q88EE1		Sodium-solute symporter	0	0.0	0	0	0.0	0	0	0.0	
PP_4545	Q88EC1		Beta-ketodecanoyl-(Acyl-carrier-protein) synthase	0	0.0	0	0	0.0	0	0	0.0	
PP_4547	Q88EB9		Glutamine synthetase	0	0.0	0	0	0.0	0	0	0.0	
PP_4548	Q88EB8		Oxidoreductase	0	0.0	0	0	0.0	0	0	0.0	
PP_4549	Q88EB7	fadD-I	Long-chain-fatty-acid--CoA ligase	0	0.0	0	0	0.0	0	0	0.0	
PP_4550	Q88EB6	fadD-II	Long-chain-fatty-acid--CoA ligase	0	0.0	0	0	0.0	0	0	0.0	
PP_4550 	Q88EB6	fadD-II	Long-chain-fatty-acid--CoA ligase	0	0.0	0	0	0.0	0	0	0.0	
PP_4552	Q88EB4		MaoC-like domain-containing protein	0	0.0	0	0	0.0	0	0	0.0	
PP_4570	Q88E96		Aspartyl/asparaginy/proline hydroxylase domain-containing protein	0	0.0	0	0	0.0	0	0	0.0	
PP_4571	Q88E95	cysK	Cysteine synthase	0	0.0	0	2	4.37	0	0	0.0	
PP_4594	Q88E72		Cystathionine gamma-synthase	0	0.0	0	0	0.0	0	0	0.0	
PP_4600	Q88E67	moaB-II	Molybdenum cofactor biosynthesis protein B	0	0.0	0	0	0.0	0	0	0.0	
PP_4617	Q88E51	ldh	Leucine dehydrogenase	0	6.1	0	1	5.04	0	0	0.0	
PP_4619	Q88E49	hmgC	Maleylacetoacetate isomerase	0	0.0	0	0	0.0	0	0	0.0	
PP_4620	Q88E48	hmgB	fumarylacetoacetase	1	6.5	0	5	4.41	0	0	0.0	
PP_4621	Q88E47	hmgA	Homogentisate 1,2-dioxygenase	1	3.84	0	3	5.4	0	0	0.0	Fe cation (Fe)
PP_4632	Q88E36	folM	Dihydromonapterin reductase	0	0.0	0	0	0.0	0	0	0.0	
PP_4635	Q88E33	fabV	Enoyl-[acyl-carrier-protein] reductase [NADH]	1	3.83	0	4	6.15	0	0	0.0	
PP_4636	Q88E32	yqeF	Acetyl-CoA acetyltransferase	3	4.87	2	0	0.0	0	0	0.0	
PP_4639	Q88E29	zinU	P-loop guanosine triphosphatase-dependent zinc chaperone	0	0.0	0	0	0.0	0	0	0.0	
PP_4643	Q88E25		Xanthine/uracil permease family protein	0	0.0	0	0	0.0	0	0	0.0	
PP_4646	Q88E22	fpr-II	ferredoxin--NADP(+) reductase	0	0.0	0	0	0.0	0	0	0.0	
PP_4653	Q88E15	purP	Adenine:H+ symporter	0	0.0	0	0	0.0	0	0	0.0	
PP_4659	Q88E09	ggt	Glutathione hydrolase proenzyme	1	4.29	0	3	4.31	0	0	0.0	
PP_4666	Q88E02	mmsB	3-hydroxyisobutyrate dehydrogenase	0	5.55	0	0	0.0	0	0	0.0	
PP_4667	Q88E01	mmsA-II	methylmalonate-semialdehyde dehydrogenase (CoA acylating)	0	0.0	0	0	0.0	0	0	0.0	
PP_4670	Q88DZ8	TpbB	Diguanylate cyclase	0	0.0	0	0	0.0	0	0	0.0	
PP_4677	Q88DZ1		CDP-diacylglycerol--serine O-phosphatidyltransferase	0	0.0	0	0	0.0	0	0	0.0	
PP_4678	Q88DZ0	ilvC	Ketol-acid reductoisomerase (NADP(+))	1	6.42	0	3	4.93	0	0	0.0	
PP_4683	Q88DY5	mrcB	Penicillin-binding protein 1B	0	3.85	0	0	0.0	0	0	0.0	
PP_4698	Q88DX0	folK	2-amino-4-hydroxy-6-hydroxymethyldihydropteridine pyrophosphokinase	0	0.0	0	0	0.0	0	0	0.0	
PP_4699	Q88DW9	panB	3-methyl-2-oxobutanoate hydroxymethyltransferase	0	3.83	0	0	0.0	0	0	0.0	
PP_4700	Q88DW8	panC	Pantothenate synthetase	1	5.17	0	6	4.81	0	0	0.0	
PP_4701	Q88DW7	pgi2	Glucose-6-phosphate isomerase 2	1	5.31	0	0	0.0	0	0	0.0	
PP_4702	Q88DW6	acsA2	Acetyl-coenzyme A synthetase 2	0	0.0	0	10	4.99	0	0	0.0	
PP_4715	Q88DV4	tpiA	Triosephosphate isomerase	1	4.37	0	1	5.1	0	0	0.0	
PP_4716	Q88DV3	glmM	Phosphoglucosamine mutase	0	3.89	0	0	0.0	0	0	0.0	
PP_4717	Q88DV2	folP	Dihydropteroate synthase	0	0.0	0	0	0.0	0	0	0.0	
PP_4725	Q88DU4	dapB	4-hydroxy-tetrahydrodipicolinate reductase	1	3.85	0	7	5.14	0	0	0.0	
PP_4735	Q88DT4	lldP	L-lactate permease	0	0.0	0	0	0.0	0	0	0.0	
PP_4736	Q88DT3	lldD	L-lactate dehydrogenase	1	5.54	0	13	4.53	0	0	0.0	
PP_4737	Q88DT2	dld2	D-lactate dehydrogenase (cytochrome)	0	0.0	0	0	0.0	0	0	0.0	
PP_4756	Q88DR7	gabP-V	Gamma-aminobutyrate permease	0	0.0	0	0	0.0	0	0	0.0	
PP_4757	Q88DR6	gudD	Glucarate dehydratase	1	4.44	0	7	4.96	0	0	0.0	
PP_4758	Q88DR5		Major facilitator family transporter	0	0.0	0	0	0.0	0	0	0.0	
PP_4762	Q88DR1	tesB	Acyl-CoA thioesterase 2	0	0.0	0	0	0.0	0	0	0.0	
PP_4774	Q88DP9	fieF	Cation-efflux pump FieF	0	0.0	0	0	0.0	0	0	0.0	
PP_4779	Q88DP5	amn	AMP nucleosidase	0	0.0	0	0	0.0	0	0	0.0	
PP_4782	Q88DP2	thiD	hydroxymethylpyrimidine kinase	0	0.0	0	0	0.0	0	0	0.0	
PP_4783	Q88DP1	thiE	Thiamine-phosphate synthase	0	0.0	0	4	4.85	0	0	0.0	
PP_4784	Q88DP0	hemL	Glutamate-1-semialdehyde 2,1-aminomutase	0	0.0	0	0	0.0	0	0	0.0	
PP_4794	Q88DN1	leuS	Leucine--tRNA ligase	0	0.0	0	0	0.0	0	0	0.0	
PP_4799	Q88DM6		Muramoyltetrapeptide carboxypeptidase	1	4.51	0	0	0.0	0	0	0.0	
PP_4800	Q88DM5	lipA	Lipoyl synthase	0	0.0	0	6	4.4	6	0	0.0	[4Fe-4S] cluster (Fe4S4)
PP_4801	Q88DM4	lipB	Octanoyltransferase	1	3.83	1	6	4.65	0	0	0.0	
PP_4803	Q88DM2	dacA	serine-type D-Ala-D-Ala carboxypeptidase	0	4.84	0	0	0.0	0	0	0.0	
PP_4805	Q88DM0	mltB	Membrane-bound lytic murein transglycosylase B	0	3.83	0	0	0.0	0	0	0.0	
PP_4807	Q88DL8	mrdA-II	Peptidoglycan D,D-transpeptidase MrdA	0	3.88	0	0	0.0	0	0	0.0	
PP_4810	Q88DL5	nadD	Probable nicotinate-nucleotide adenylyltransferase	0	0.0	0	0	0.0	0	0	0.0	
PP_4811	Q88DL4	proA	Gamma-glutamyl phosphate reductase	0	0.0	0	0	0.0	0	0	0.0	
PP_4817	Q88DK8		MaoC domain protein	0	0.0	0	0	0.0	0	0	0.0	
PP_4822	Q88DK3	purH	Bifunctional purine biosynthesis protein PurH	0	0.0	0	0	0.0	0	0	0.0	
PP_4823	Q88DK2	purD	Phosphoribosylamine--glycine ligase	0	0.0	0	11	6.67	0	0	0.0	Mn(2+) (Mn)
PP_4826	Q88DJ9	cobJ	Precorrin-3B C17-methyltransferase	0	0.0	0	0	0.0	0	0	0.0	
PP_4827	Q88DJ8	cobI	Precorrin-2 C(20)-methyltransferase	0	0.0	0	0	0.0	0	0	0.0	
PP_4828	Q88DJ7	cobH	Precorrin-8X methylmutase	0	0.0	0	0	0.0	0	0	0.0	
PP_4829	Q88DJ6	cobG	Precorrin-3B synthase	0	0.0	0	0	0.0	0	0	0.0	
PP_4830	Q88DJ5	cobL	Precorrin-6Y C(5,15)-methyltransferase	0	0.0	0	0	0.0	0	0	0.0	
PP_4832	Q88DJ3	cobK	Precorrin-6x reductase	0	0.0	0	0	0.0	0	0	0.0	
PP_4840	Q88DI5	cycA	D-alanine, beta-alanine, D-serine, glycine permease	0	0.0	0	0	0.0	0	0	0.0	
PP_4846	Q88DH9	mnaT	L-methionine sulfoximine/L-methionine sulfone acetyltransferase	0	0.0	0	0	0.0	0	0	0.0	
PP_4854	Q88DH1	lip	Lipase	0	0.0	0	0	0.0	0	0	0.0	
PP_4862	Q88DG3	ydfG	3-hydroxy acid dehydrogenase, NADP-dependent / malonic semialdehyde reductase	0	0.0	0	0	0.0	0	0	0.0	
PP_4868	Q88DF7	pncB	Nicotinate phosphoribosyltransferase	0	0.0	0	0	0.0	0	0	0.0	
PP_4869	Q88DF6	nadE	NH(3)-dependent NAD(+) synthetase	0	0.0	0	4	4.82	0	0	0.0	
PP_4889	Q88DD8	purA	Adenylosuccinate synthetase	1	5.42	0	14	5.17	0	0	0.0	
PP_4893	Q88DD4	hflX	GTPase HflX	0	0.0	0	8	4.84	0	0	0.0	
PP_4897	Q88DD0	amiC	N-acetylmuramoyl-L-alanine amidase AmiC	0	0.0	0	0	0.0	0	0	0.0	
PP_4900	Q88DC7	queG	Epoxyqueuosine reductase	0	7.28	0	13	4.53	9	0	0.0	[4Fe-4S] cluster (Fe4S4) AND cob(II)alamin (C62H88CoN13O14P)
PP_4903	Q88DC4	rsgA	Small ribosomal subunit biogenesis GTPase RsgA	0	0.0	0	4	5.06	3	0	0.0	Zn(2+) (Zn)
PP_4907	Q88DC0	rhdA	Sulfurtransferase	0	0.0	0	0	0.0	0	0	0.0	
PP_4908	Q88DB9	psd	Phosphatidylserine decarboxylase proenzyme	1	3.91	0	0	0.0	0	0	0.0	
PP_4909	Q88DB8	serB	Phosphoserine phosphatase	0	3.83	0	0	0.0	0	0	0.0	
PP_4919	Q88DA8	nudF	ADP-ribose pyrophosphatase	0	0.0	0	0	0.0	0	0	0.0	
PP_4922	Q88DA5	thiC	Phosphomethylpyrimidine synthase	0	0.0	0	12	5.06	3	0	0.0	[4Fe-4S] cluster (Fe4S4)
PP_4928	Q88D99	waaA	3-deoxy-D-manno-octulosonic acid transferase	0	6.58	0	0	0.0	0	0	0.0	
PP_4934	Q88D93	hldE	Bifunctional protein HldE	0	3.86	0	1	5.07	0	0	0.0	
PP_4935	Q88D92	msbA	ATP-dependent lipid A-core flippase	0	0.0	0	1	6.42	0	0	0.0	
PP_4936	Q88D91	wzy	O-antigen polymerase	0	0.0	0	0	0.0	0	0	0.0	
PP_4943	Q88D84		Glycosyl transferase	0	0.0	0	0	0.0	0	0	0.0	
PP_4944	Q88D83		Carbamoyltransferase	0	0.0	0	0	0.0	0	0	0.0	
PP_4946	Q88D81	putP	Sodium/proline symporter	0	0.0	0	0	0.0	0	0	0.0	
PP_4947	Q88D80	putA	Bifunctional protein PutA	1	3.83	1	0	0.0	0	0	0.0	
PP_4960	Q88D67	fba	Fructose-1,6-bisphosphate aldolase	0	3.88	0	4	4.84	0	0	0.0	Zn(2+) (Zn) AND Zn(2+) (Zn)
PP_4963	Q88D64	pgk	Phosphoglycerate kinase	0	0.0	0	8	5.67	0	0	0.0	
PP_4964	Q88D63	epd	Erythrose-4-phosphate dehydrogenase	1	3.85	1	2	4.83	0	0	0.0	
PP_4965	Q88D62	tktA	Transketolase	0	3.85	0	11	4.81	0	0	0.0	Co(2+) (Co) AND Mn(2+) (Mn) AND Co(2+) (Co)
PP_4967	Q88D60	metK	S-adenosylmethionine synthase	0	0.0	0	2	5.28	0	0	0.0	
PP_4971	Q88D56		Membrane-bound lytic murein transglycosylase A	0	0.0	0	0	0.0	0	0	0.0	
PP_4974	Q88D53	nhaP	NhaP-type Na+/H+ and K+/H+ antiporters	0	0.0	0	0	0.0	0	0	0.0	
PP_4976	A0A140FWS3	ahcY	Adenosylhomocysteinase	0	0.0	0	7	5.04	0	0	0.0	
PP_4977	Q88D51	metF	Methylenetetrahydrofolate reductase	0	0.0	0	0	0.0	0	0	0.0	
PP_4983	Q88D45		Tryptophan 2-monooxygenase	0	0.0	0	0	0.0	0	0	0.0	
PP_4984	Q88D44	bioA	Adenosylmethionine-8-amino-7-oxononanoate aminotransferase	0	0.0	0	5	4.25	1	0	0.0	
PP_4993	Q88D35	gshB	Glutathione synthetase	0	0.0	0	22	5.9	0	0	0.0	Mn(2+) (Mn)
PP_4997	Q88D31	pyrR	Pyrimidine operon regulatory protein/uracil phosphoribosyltransferase	0	0.0	0	0	0.0	0	0	0.0	
PP_5003	Q88D25	phaA	Poly(3-hydroxyalkanoate) polymerase 1	0	0.0	0	0	0.0	0	0	0.0	
PP_5004	Q88D24	phaB	Poly(3-hydroxyalkanoate) depolymerase	0	0.0	0	0	0.0	0	0	0.0	
PP_5005	Q88D23	phaC-II	Poly(3-hydroxyalkanoate) polymerase 2	0	0.0	0	0	0.0	0	0	0.0	
PP_5011	Q88D17	ubiE	Ubiquinone/menaquinone biosynthesis C-methyltransferase UbiE	0	0.0	0	1	5.99	0	0	0.0	
PP_5013	A0A140FWS4	ubiB	Probable protein kinase UbiB	0	3.84	0	1	5.05	0	0	0.0	
PP_5014	Q88D15	hisI	Phosphoribosyl-AMP cyclohydrolase	0	0.0	0	3	4.97	3	0	0.0	Zn(2+) (Zn)
PP_5015	Q88D14	hisE	Phosphoribosyl-ATP pyrophosphatase	0	0.0	0	0	0.0	0	0	0.0	
PP_5029	Q88D00	hutG	N-formylglutamate deformylase	0	0.0	0	0	0.0	0	0	0.0	
PP_5030	Q88CZ9	hutI	Imidazolonepropionase	0	0.0	0	7	4.57	0	0	0.0	Zn(2+) (Zn) AND Fe(3+) (Fe)
PP_5031	Q88CZ8	hutT	L-histidine transporter HutT	0	0.0	0	0	0.0	0	0	0.0	
PP_5032	Q88CZ7	hutH	Histidine ammonia-lyase	0	0.0	0	0	0.0	0	0	0.0	
PP_5033	Q88CZ6	hutU	Urocanate hydratase	1	3.82	1	7	5.34	0	0	0.0	
PP_5036	Q88CZ3	hutF	Formimidoylglutamate deiminase	0	0.0	0	0	0.0	0	0	0.0	Zn(2+) (Zn)
PP_5040	Q88CY9	fbp	Fructose-1,6-bisphosphatase class 1	0	0.0	0	1	4.41	0	0	0.0	
PP_5041	Q88CY8	glgP	Alpha-1,4 glucan phosphorylase	0	0.0	0	0	0.0	0	0	0.0	
PP_5046	Q88CY3	glnA	Glutamine synthetase	0	0.0	0	6	4.9	0	0	0.0	
PP_5054	Q88CX6	grxC	Glutaredoxin	0	0.0	0	0	0.0	0	0	0.0	
PP_5056	Q88CX4	gpmI	2,3-bisphosphoglycerate-independent phosphoglycerate mutase	0	5.79	0	9	4.54	0	0	0.0	Mn(2+) (Mn)
PP_5061	Q88CW9	betT-I	Choline transporter	0	0.0	0	0	0.0	0	0	0.0	
PP_5063	Q88CW7	betB	Betaine aldehyde dehydrogenase	1	3.83	1	7	5.49	1	0	0.0	
PP_5064	Q88CW6	betA	Oxygen-dependent choline dehydrogenase	1	3.88	0	11	6.99	0	0	0.0	
PP_5066	Q88CW4	nhaP2	K(+)/H(+) antiporter NhaP2	0	0.0	0	0	0.0	0	0	0.0	
PP_5074	Q88CV6	hemE	Uroporphyrinogen decarboxylase	0	0.0	0	5	4.65	0	0	0.0	
PP_5078	Q88CV2	aroB	3-dehydroquinate synthase	0	0.0	0	5	4.71	0	0	0.0	Co(2+) (Co) AND Zn(2+) (Zn)
PP_5079	Q88CV1	aroK	Shikimate kinase	0	0.0	0	5	4.68	0	0	0.0	
PP_5084	Q88CU6	mrcA	Penicillin-binding protein 1A	0	0.0	0	0	0.0	0	0	0.0	
PP_5085	Q88CU5	maeB	NADP-dependent malic enzyme	1	5.28	0	0	0.0	0	0	0.0	Mn(2+) (Mn) AND Mn(2+) (Mn)
PP_5089	Q88CU1	argS	Arginine--tRNA ligase	0	0.0	0	0	0.0	0	0	0.0	
PP_5095	Q88CT5	proI	Pyrroline-5-carboxylate reductase	0	0.0	0	2	6.28	0	0	0.0	
PP_5100	Q88CT0		dITP/XTP pyrophosphatase	0	5.77	0	4	5.14	0	0	0.0	
PP_5118	Q88CR2	sseA	3-mercaptopyruvate sulfurtransferase	0	0.0	0	0	0.0	0	0	0.0	
PP_5120	Q88CR0	calB	Aldehyde dehydrogenase	1	3.84	1	0	0.0	0	0	0.0	
PP_5123	Q88CQ7	coaD	Phosphopantetheine adenylyltransferase	0	0.0	0	10	5.08	0	0	0.0	
PP_5128	Q88CQ2	ilvD	Dihydroxy-acid dehydratase	0	5.35	0	2	5.2	2	0	0.0	[2Fe-2S] cluster ([2Fe-2S] cluster)
PP_5130	Q88CQ0	pchP	Phosphoethanolamine/phosphocholine phosphatase	0	0.0	0	0	0.0	0	0	0.0	
PP_5132	Q88CP8	folA	Dihydrofolate reductase	0	0.0	0	0	0.0	0	0	0.0	
PP_5137	Q88CP3	fbpC	Ferric iron ABC transporter, ATP-binding protein	0	0.0	0	0	0.0	0	0	0.0	
PP_5139	Q88CP1	cadA-III	P-type Zn(2+) transporter	0	0.0	0	0	0.0	0	0	0.0	
PP_5141	Q88CN9	thyA	Thymidylate synthase	1	3.84	1	6	4.62	0	0	0.0	
PP_5149	Q88CN1	ilvA-II	L-threonine dehydratase	0	0.0	0	0	0.0	0	0	0.0	
PP_5150	Q88CN0	rpiA	Ribose-5-phosphate isomerase A	0	3.85	0	2	6.07	0	0	0.0	
PP_5154	Q88CM6		D-2-hydroxyglutarate dehydrogenase	0	0.0	0	0	0.0	0	0	0.0	
PP_5155	Q88CM5	serA	D-3-phosphoglycerate dehydrogenase	0	0.0	0	0	0.0	0	0	0.0	
PP_5168	Q88CL2	cysA	Sulfate/thiosulfate import ATP-binding protein CysA	0	0.0	0	3	5.71	1	0	0.0	
PP_5179	Q88CK1	spuF	Spermidine/putrescine import ATP-binding protein PotA	0	0.0	0	0	0.0	0	0	0.0	
PP_5182	Q88CJ8	spuC-II	Polyamine:pyruvate transaminase	0	0.0	0	0	0.0	0	0	0.0	
PP_5183	Q88CJ7	spuB	Glutamylpolyamine synthetase	0	0.0	0	0	0.0	0	0	0.0	
PP_5184	Q88CJ6	spuI	Glutamylpolyamine synthetase	0	0.0	0	0	0.0	0	0	0.0	
PP_5185	P0A0Z9	argA	Amino-acid acetyltransferase	0	0.0	0	0	0.0	0	0	0.0	
PP_5186	Q88CJ5	argE	Acetylornithine deacetylase	0	0.0	0	0	0.0	0	0	0.0	Zn(2+) (Zn)
PP_5194	Q88CI7	gcvT	Aminomethyltransferase	0	0.0	0	0	0.0	0	0	0.0	
PP_5197	Q88CI4	visC	Oxidoreductase involved in anerobic synthesis of ubiquinone, FAD/NAD(P)-binding domain	0	0.0	0	0	0.0	0	0	0.0	
PP_5199	Q88CI2	ubiH	2-octaprenyl-6-methoxyphenyl hydroxylase	0	0.0	0	0	0.0	0	0	0.0	
PP_5203	Q88CH8	fau	5-formyltetrahydrofolate cyclo-ligase	0	0.0	0	5	5.12	0	0	0.0	
PP_5213	Q88CG8	ubiD	3-octaprenyl-4-hydroxybenzoate carboxy-lyase	0	3.86	0	6	4.49	0	0	0.0	Mn(2+) (Mn)
PP_5216	Q88CG5	ppx	Exopolyphosphatase	0	0.0	0	0	0.0	0	0	0.0	
PP_5217	Q88CG4	ppk	Polyphosphate kinase	1	3.8	0	5	4.71	0	0	0.0	
PP_5222	Q88CF9	cyaA	Adenylate cyclase	0	0.0	0	0	0.0	0	0	0.0	
PP_5227	Q88CF4	lysA-II	Diaminopimelate decarboxylase	1	6.63	1	6	4.59	0	0	0.0	
PP_5228	Q88CF3	dapF	Diaminopimelate epimerase	2	6.14	2	4	4.72	0	0	0.0	
PP_5233	Q88CE8	amtB	Ammonium transporter	0	0.0	0	0	0.0	0	0	0.0	
PP_5246	Q88CD5	kefB-III	Glutathione-regulated potassium/H+ antiporter	0	0.0	0	0	0.0	0	0	0.0	
PP_5250	Q88CD1	opdB	Proline-specific outer membrane porin D	0	0.0	0	0	0.0	0	0	0.0	
PP_5256	Q88CC5		Small-conductance mechanosensitive channel	0	0.0	0	0	0.0	0	0	0.0	
PP_5257	Q88CC4	amaA	L-pipecolate oxidase	0	0.0	0	0	0.0	0	0	0.0	
PP_5258	Q88CC3	amaB	aldehyde dehydrogenase (NAD(+))	0	3.8	0	0	0.0	0	0	0.0	
PP_5260	Q88CC1	hglS	2-oxoadipate dioxygenase/decarboxylase	0	0.0	0	4	4.61	0	0	0.0	Fe(2+) (Fe)
PP_5269	Q88CB2	dadX	Alanine racemase, catabolic	1	6.07	0	2	4.42	0	0	0.0	
PP_5270	Q88CB1	dadA2	D-amino acid dehydrogenase 2	0	0.0	0	4	5.8	0	0	0.0	
PP_5273	Q88CA8		Oxidoreductase	0	0.0	0	0	0.0	0	0	0.0	
PP_5278	Q88CA3	kauB	4-guanidinobutyraldehyde dehydrogenase	0	3.8	0	0	0.0	0	0	0.0	
PP_5285	Q88C96	dfp	Coenzyme A biosynthesis bifunctional protein CoaBC	1	10.34	1	2	5.26	0	0	0.0	
PP_5286	Q88C95	dut	Deoxyuridine 5'-triphosphate nucleotidohydrolase	0	0.0	0	3	4.82	0	0	0.0	
PP_5288	Q88C93	algC	Phosphomannomutase/phosphoglucomutase	0	3.86	0	2	4.42	0	0	0.0	
PP_5289	P59300	argB	Acetylglutamate kinase	0	0.0	0	1	4.03	0	0	0.0	
PP_5291	Q88C92	pyrE	Orotate phosphoribosyltransferase	0	0.0	0	7	6.29	0	0	0.0	
PP_5296	Q88C87	gmk	Guanylate kinase	0	0.0	0	2	5.98	0	0	0.0	
PP_5298	Q88C85		gamma-glutamyl-gamma-aminobutyrate hydrolase	0	0.0	0	0	0.0	0	0	0.0	
PP_5299	Q88C84	puuA-II	Glutamate-putrescine ligase	0	0.0	0	0	0.0	0	0	0.0	
PP_5302	Q88C81	spoT	guanosine-3',5'-bis(diphosphate) 3'-diphosphatase	0	0.0	0	0	0.0	0	0	0.0	
PP_5317	Q88C66	ubiC	Probable chorismate pyruvate-lyase	0	0.0	0	2	5.41	0	0	0.0	
PP_5318	Q88C65	ubiA	4-hydroxybenzoate octaprenyltransferase	0	0.0	0	0	0.0	0	0	0.0	
PP_5326	Q88C57	pstB2	Phosphate import ATP-binding protein PstB 2	0	0.0	0	2	5.66	1	0	0.0	
PP_5335	Q88C48	purK	N5-carboxyaminoimidazole ribonucleotide synthase	0	0.0	0	3	5.23	0	0	0.0	
PP_5336	Q88C47	purE	N5-carboxyaminoimidazole ribonucleotide mutase	0	0.0	0	1	4.46	0	0	0.0	
PP_5338	Q88C45	aspA	Aspartate ammonia-lyase	0	0.0	0	0	0.0	0	0	0.0	
PP_5340	Q88C43	aphA	Acetylpolyamine aminohydrolase	0	0.0	0	0	0.0	0	0	0.0	Zn(2+) (Zn)
PP_5351	Q88C32	zwf	Glucose-6-phosphate 1-dehydrogenase	1	3.84	0	2	3.95	0	0	0.0	
PP_5357	Q88C26	pdxY	Pyridoxal kinase PdxY	0	0.0	0	5	4.02	0	0	0.0	
PP_5364	Q88C19	clsA	Cardiolipin synthase A	2	4.51	0	0	0.0	0	0	0.0	
PP_5365	Q88C18		Fatty acid methyltransferase	1	5.33	1	0	0.0	0	0	0.0	
PP_5366	Q88C17	lpd	Dihydrolipoyl dehydrogenase	1	3.01	0	5	4.75	0	1	7.6	
PP_5371	Q88C12		Rubredoxin/rubredoxin reductase	0	0.0	0	0	0.0	0	0	0.0	Fe(3+) (Fe)
PP_5374	Q88C09		Choline/carnitine/betaine transporter family protein	0	0.0	0	0	0.0	0	0	0.0	
PP_5380	Q88C03	copA-II	Copper resistance protein A	0	0.0	0	0	0.0	0	0	0.0	
PP_5409	Q88BX8	glmS	Glutamine--fructose-6-phosphate aminotransferase [isomerizing]	1	4.67	1	0	0.0	0	0	0.0	
PP_5411	Q88BX6	glmU	Bifunctional protein GlmU	1	3.84	0	7	4.75	0	0	0.0	
pWW0_090	P23105	xylG	2-hydroxymuconic semialdehyde dehydrogenase	0	0.0	0	0	0.0	0	0	0.0	
pWW0_091	P49155	xylI	4-oxalocrotonate decarboxylase	0	0.0	0	0	0.0	0	0	0.0	
pWW0_092	P51017	nahM	4-hydroxy-2-oxovalerate aldolase	0	0.0	0	0	0.0	0	0	0.0	
pWW0_093	P39849	xylB	Aryl-alcohol dehydrogenase	0	0.0	0	7	4.91	6	0	0.0	Zn(2+) (Zn)
pWW0_094	P23107	xylJ	2-hydroxypent-2,4-dienoate hydratase	0	0.0	0	0	0.0	0	0	0.0	
pWW0_095	P21395	xylM	Xylene/toluene monooxygenase hydroxylase component XylM	0	0.0	0	8	4.23	0	0	0.0	Fe(2+) (Fe)
pWW0_096	P23106	xylF	2-hydroxymuconate semialdehyde hydrolase	0	0.0	0	0	0.0	0	0	0.0	
pWW0_097	P06622	xylE	Metapyrocatechase	0	0.0	0	2	5.07	0	0	0.0	Fe(2+) (Fe)
pWW0_099	P23102	xylL	1,6-dihydroxycyclohexa-2,4-diene-1-carboxylate dehydrogenase	0	0.0	0	0	0.0	0	0	0.0	
pWW0_127	Q8VMI2	xylN	XylN protein	0	0.0	0	0	0.0	0	0	0.0	
pWW0_128	P39849	xylB	Aryl-alcohol dehydrogenase	0	0.0	0	0	0.0	0	0	0.0	Zn(2+) (Zn)
pWW0_131	P43503	xylC	Benzaldehyde dehydrogenase [NAD(+)]	0	0.0	0	0	0.0	0	0	0.0	
